external_id,first_name,last_name,email,department_external_id,manager_external_id,start_date,gross_salary,status
EMP-00001,Noah,Johnson,noah.johnson1@example.com,DEPT-PPL,EMP-00787,2016-02-02,94383.60,inactive
EMP-00002,Liam,Anderson,liam.anderson2@example.com,DEPT-SAL,EMP-01186,2016-05-09,116226.53,active
EMP-00003,Benjamin,Clark,benjamin.clark3@example.com,DEPT-OPS,EMP-00990,2019-05-12,85614.62,inactive
EMP-00004,Amelia,Brown,amelia.brown4@example.com,DEPT-FIN,EMP-00683,2018-11-24,92699.65,inactive
EMP-00005,Theo,Hill,theo.hill5@example.com,DEPT-OPS,EMP-01067,2021-07-19,39282.16,active
EMP-00006,Emma,Adams,emma.adams6@example.com,DEPT-SUP,EMP-00432,2022-01-27,30985.17,terminated
EMP-00007,Grace,Wright,grace.wright7@example.com,DEPT-MKT,EMP-01594,2016-11-11,51755.51,active
EMP-00008,Lucas,Harris,lucas.harris8@example.com,DEPT-SAL,EMP-01612,2019-12-09,95519.15,terminated
EMP-00009,Harper,Scott,harper.scott9@example.com,DEPT-SAL,EMP-01668,2025-07-18,42282.93,terminated
EMP-00010,Sam,Miller,sam.miller10@example.com,DEPT-OPS,EMP-01806,2020-09-04,109329.36,active
EMP-00011,Matthew,Adams,matthew.adams11@example.com,DEPT-SUP,EMP-01217,2023-08-24,85726.26,active
EMP-00012,Elijah,Flores,elijah.flores12@example.com,DEPT-LEG,EMP-01592,2024-05-04,81242.82,terminated
EMP-00013,Ethan,Sanchez,ethan.sanchez13@example.com,DEPT-MKT,EMP-01359,2021-07-23,100973.83,active
EMP-00014,Sam,Scott,sam.scott14@example.com,DEPT-SAL,EMP-01668,2025-06-23,42460.51,inactive
EMP-00015,James,Thompson,james.thompson15@example.com,DEPT-FIN,EMP-00700,2024-04-24,78366.71,active
EMP-00016,Grace,Robinson,grace.robinson16@example.com,DEPT-SUP,EMP-00870,2022-08-09,101430.46,active
EMP-00017,Jack,Ramirez,jack.ramirez17@example.com,DEPT-ENG,EMP-00326,2020-11-02,57730.95,terminated
EMP-00018,Isaac,Thompson,isaac.thompson18@example.com,DEPT-OPS,,2025-07-15,51772.17,inactive
EMP-00019,Benjamin,Lee,benjamin.lee19@example.com,DEPT-FIN,EMP-00582,2016-07-03,70948.95,active
EMP-00020,Leo,Thompson,leo.thompson20@example.com,DEPT-ENG,EMP-01094,2025-04-03,62522.20,inactive
EMP-00021,Sophia,Williams,sophia.williams21@example.com,DEPT-ENG,EMP-00479,2024-07-02,59160.15,active
EMP-00022,Grace,Harris,grace.harris22@example.com,DEPT-PPL,EMP-01801,2025-04-28,45025.74,active
EMP-00023,Ella,Thomas,ella.thomas23@example.com,DEPT-LEG,EMP-01726,2016-02-23,111698.75,inactive
EMP-00024,Aiden,Sanchez,aiden.sanchez24@example.com,DEPT-FIN,EMP-00582,2017-10-09,93293.18,active
EMP-00025,James,Young,james.young25@example.com,DEPT-OPS,EMP-00339,2016-09-14,63969.20,terminated
EMP-00026,Oliver,Harris,oliver.harris26@example.com,DEPT-SAL,EMP-01612,2021-12-16,34293.33,terminated
EMP-00027,Lucas,Sanchez,lucas.sanchez27@example.com,DEPT-MKT,EMP-00334,2017-02-20,78958.35,active
EMP-00028,Evelyn,Davis,evelyn.davis28@example.com,DEPT-OPS,EMP-00018,2023-09-15,33725.28,terminated
EMP-00029,Chloe,Clark,chloe.clark29@example.com,DEPT-ENG,EMP-01973,2020-12-12,34125.18,active
EMP-00030,Owen,Smith,owen.smith30@example.com,DEPT-LEG,EMP-01592,2022-11-14,64381.65,active
EMP-00031,Leo,Brown,leo.brown31@example.com,DEPT-LEG,,2025-04-13,111514.90,active
EMP-00032,Noah,Johnson,noah.johnson32@example.com,DEPT-SAL,EMP-01704,2021-03-06,62509.91,active
EMP-00033,Sam,King,sam.king33@example.com,DEPT-SUP,EMP-01073,2016-09-06,78170.55,active
EMP-00034,Hazel,Anderson,hazel.anderson34@example.com,DEPT-SAL,EMP-00879,2020-04-22,97638.39,active
EMP-00035,Harper,Jones,harper.jones35@example.com,DEPT-SAL,EMP-01612,2022-06-24,85896.73,terminated
EMP-00036,Hazel,Davis,hazel.davis36@example.com,DEPT-PPL,EMP-00592,2022-12-16,104786.33,active
EMP-00037,Victoria,Anderson,victoria.anderson37@example.com,DEPT-MKT,EMP-00334,2025-11-22,117397.75,active
EMP-00038,Nathan,White,nathan.white38@example.com,DEPT-OPS,EMP-01886,2021-09-10,98855.06,active
EMP-00039,Ava,Hill,ava.hill39@example.com,DEPT-SAL,EMP-01612,2024-03-06,49348.58,active
EMP-00040,Ella,Sanchez,ella.sanchez40@example.com,DEPT-SAL,EMP-00664,2021-09-04,105945.54,active
EMP-00041,Emily,Robinson,emily.robinson41@example.com,DEPT-SAL,EMP-01911,2018-02-27,100188.31,terminated
EMP-00042,Theo,Nguyen,theo.nguyen42@example.com,DEPT-SUP,EMP-00870,2019-10-21,30234.91,active
EMP-00043,Evelyn,Rodriguez,evelyn.rodriguez43@example.com,DEPT-MKT,EMP-01444,2018-08-24,41221.68,active
EMP-00044,Owen,Ramirez,owen.ramirez44@example.com,DEPT-SAL,EMP-01433,2025-06-05,84686.87,active
EMP-00045,Ava,Anderson,ava.anderson45@example.com,DEPT-SUP,EMP-00870,2023-10-20,35062.66,active
EMP-00046,Ethan,King,ethan.king46@example.com,DEPT-SUP,EMP-00662,2016-10-20,48559.67,active
EMP-00047,Lily,Robinson,lily.robinson47@example.com,DEPT-ENG,EMP-00479,2018-10-24,39074.27,active
EMP-00048,Grace,Walker,grace.walker48@example.com,DEPT-OPS,EMP-01221,2020-08-18,100344.44,active
EMP-00049,Oliver,Jones,oliver.jones49@example.com,DEPT-LEG,EMP-00107,2016-04-27,68362.75,active
EMP-00050,Jack,Thomas,jack.thomas50@example.com,DEPT-LEG,EMP-00861,2018-02-12,75137.24,inactive
EMP-00051,Liam,Taylor,liam.taylor51@example.com,DEPT-SAL,EMP-01668,2018-06-14,80945.29,terminated
EMP-00052,Scarlett,Martin,scarlett.martin52@example.com,DEPT-LEG,EMP-00482,2024-09-15,112089.21,terminated
EMP-00053,Oliver,Smith,oliver.smith53@example.com,DEPT-MKT,EMP-01359,2024-10-05,66144.46,inactive
EMP-00054,Harper,Johnson,harper.johnson54@example.com,DEPT-MKT,EMP-01444,2021-10-04,84294.95,terminated
EMP-00055,Theo,White,theo.white55@example.com,DEPT-FIN,EMP-01340,2017-09-08,30346.24,terminated
EMP-00056,Lily,Adams,lily.adams56@example.com,DEPT-FIN,EMP-01576,2017-03-28,92837.40,active
EMP-00057,Victoria,Young,victoria.young57@example.com,DEPT-SUP,EMP-00432,2023-09-20,54949.68,terminated
EMP-00058,Emma,Lee,emma.lee58@example.com,DEPT-SAL,EMP-01704,2019-09-28,111130.83,active
EMP-00059,Benjamin,Rodriguez,benjamin.rodriguez59@example.com,DEPT-FIN,EMP-00582,2024-10-08,36388.33,inactive
EMP-00060,Layla,Jackson,layla.jackson60@example.com,DEPT-LEG,EMP-01491,2024-10-23,112574.48,terminated
EMP-00061,James,Smith,james.smith61@example.com,DEPT-FIN,EMP-01648,2024-07-15,67200.88,active
EMP-00062,Nora,Clark,nora.clark62@example.com,DEPT-ENG,EMP-01170,2024-06-23,32234.73,active
EMP-00063,Chloe,Smith,chloe.smith63@example.com,DEPT-LEG,,2019-05-15,101076.53,active
EMP-00064,Jack,King,jack.king64@example.com,DEPT-LEG,EMP-01771,2016-07-22,105415.19,terminated
EMP-00065,Elijah,Davis,elijah.davis65@example.com,DEPT-FIN,EMP-01648,2024-01-19,48310.26,active
EMP-00066,Isaac,Lee,isaac.lee66@example.com,DEPT-SAL,EMP-01662,2021-11-18,119495.15,active
EMP-00067,Mia,Clark,mia.clark67@example.com,DEPT-MKT,EMP-01594,2025-08-28,101199.07,active
EMP-00068,Liam,Miller,liam.miller68@example.com,DEPT-SUP,EMP-01217,2017-11-24,47842.70,active
EMP-00069,Scarlett,Taylor,scarlett.taylor69@example.com,DEPT-FIN,EMP-00582,2020-04-15,36323.98,terminated
EMP-00070,Liam,Garcia,liam.garcia70@example.com,DEPT-ENG,EMP-00326,2016-02-18,119240.23,terminated
EMP-00071,Victoria,Harris,victoria.harris71@example.com,DEPT-OPS,EMP-01567,2017-04-03,73838.16,terminated
EMP-00072,Daniel,Adams,daniel.adams72@example.com,DEPT-PPL,EMP-00787,2024-01-13,70210.99,inactive
EMP-00073,Sophia,Adams,sophia.adams73@example.com,DEPT-PPL,EMP-00277,2020-01-04,78279.16,active
EMP-00074,Noah,Harris,noah.harris74@example.com,DEPT-SUP,EMP-00870,2020-10-25,115960.70,active
EMP-00075,Zoe,Moore,zoe.moore75@example.com,DEPT-OPS,EMP-00735,2018-04-26,63243.71,terminated
EMP-00076,Ella,White,ella.white76@example.com,DEPT-OPS,,2017-12-22,104088.87,active
EMP-00077,Aiden,Allen,aiden.allen77@example.com,DEPT-PPL,EMP-00787,2023-07-15,58203.57,active
EMP-00078,Liam,Scott,liam.scott78@example.com,DEPT-SAL,EMP-00664,2016-09-28,60301.88,active
EMP-00079,Amelia,Adams,amelia.adams79@example.com,DEPT-ENG,EMP-01504,2021-08-02,95935.67,active
EMP-00080,Grace,White,grace.white80@example.com,DEPT-OPS,EMP-01221,2025-09-24,80994.38,inactive
EMP-00081,Liam,Lee,liam.lee81@example.com,DEPT-SUP,EMP-01217,2022-09-21,84758.66,active
EMP-00082,Ava,Williams,ava.williams82@example.com,DEPT-MKT,EMP-01594,2021-05-21,107053.16,terminated
EMP-00083,Aria,Green,aria.green83@example.com,DEPT-FIN,EMP-01648,2023-01-06,85161.29,active
EMP-00084,Hazel,Lee,hazel.lee84@example.com,DEPT-SUP,EMP-01073,2022-11-04,56666.06,terminated
EMP-00085,Abigail,King,abigail.king85@example.com,DEPT-MKT,EMP-01444,2017-01-28,111420.92,active
EMP-00086,Chloe,Moore,chloe.moore86@example.com,DEPT-SAL,EMP-00295,2018-09-12,111970.90,terminated
EMP-00087,Grace,Johnson,grace.johnson87@example.com,DEPT-FIN,EMP-00603,2016-07-26,101397.52,active
EMP-00088,Ethan,Garcia,ethan.garcia88@example.com,DEPT-PPL,EMP-00572,2022-03-07,44182.48,terminated
EMP-00089,Aiden,Rodriguez,aiden.rodriguez89@example.com,DEPT-FIN,EMP-00700,2021-12-21,62170.93,active
EMP-00090,Evelyn,Johnson,evelyn.johnson90@example.com,DEPT-LEG,EMP-00812,2021-04-24,101212.16,inactive
EMP-00091,Noah,White,noah.white91@example.com,DEPT-FIN,EMP-00683,2020-11-01,59189.15,active
EMP-00092,Zoe,Davis,zoe.davis92@example.com,DEPT-ENG,EMP-00479,2025-03-27,55909.05,active
EMP-00093,Owen,Lewis,owen.lewis93@example.com,DEPT-SAL,EMP-00664,2023-05-09,103146.68,inactive
EMP-00094,Daniel,Allen,daniel.allen94@example.com,DEPT-SUP,EMP-01477,2018-12-21,50948.65,active
EMP-00095,Nathan,Anderson,nathan.anderson95@example.com,DEPT-ENG,EMP-01197,2024-04-19,109943.81,active
EMP-00096,Mia,Miller,mia.miller96@example.com,DEPT-MKT,EMP-01444,2023-09-03,45280.99,active
EMP-00097,Owen,Walker,owen.walker97@example.com,DEPT-FIN,EMP-00645,2018-05-05,118528.71,active
EMP-00098,Sophia,Jones,sophia.jones98@example.com,DEPT-LEG,EMP-00031,2018-08-23,33306.57,inactive
EMP-00099,Ethan,Harris,ethan.harris99@example.com,DEPT-OPS,EMP-01806,2019-12-10,111427.61,inactive
EMP-00100,Lily,Martinez,lily.martinez100@example.com,DEPT-ENG,EMP-01094,2019-11-08,32884.54,terminated
EMP-00101,Abigail,King,abigail.king101@example.com,DEPT-OPS,EMP-01567,2024-08-23,67699.43,active
EMP-00102,Sam,Perez,sam.perez102@example.com,DEPT-SUP,EMP-00870,2018-05-17,83449.91,active
EMP-00103,Emily,Garcia,emily.garcia103@example.com,DEPT-ENG,EMP-01094,2024-02-23,51473.47,active
EMP-00104,Chloe,Torres,chloe.torres104@example.com,DEPT-SUP,EMP-01217,2019-06-20,119062.95,inactive
EMP-00105,Isaac,Davis,isaac.davis105@example.com,DEPT-MKT,EMP-01359,2018-03-28,117707.48,active
EMP-00106,Ethan,Williams,ethan.williams106@example.com,DEPT-FIN,EMP-00980,2021-05-07,94961.27,active
EMP-00107,Sophia,Garcia,sophia.garcia107@example.com,DEPT-LEG,,2025-03-28,95726.68,inactive
EMP-00108,Elijah,Adams,elijah.adams108@example.com,DEPT-MKT,EMP-00334,2025-03-20,30911.42,inactive
EMP-00109,Lucas,Thompson,lucas.thompson109@example.com,DEPT-PPL,EMP-01255,2018-10-14,86756.72,active
EMP-00110,Chloe,Lewis,chloe.lewis110@example.com,DEPT-SUP,EMP-01217,2024-12-15,31023.90,active
EMP-00111,Ella,Smith,ella.smith111@example.com,DEPT-PPL,EMP-00572,2021-07-27,30579.65,terminated
EMP-00112,Aria,Ramirez,aria.ramirez112@example.com,DEPT-FIN,EMP-00683,2018-05-26,74458.74,terminated
EMP-00113,Emily,Harris,emily.harris113@example.com,DEPT-PPL,EMP-01255,2019-03-07,63659.06,active
EMP-00114,Zoe,Johnson,zoe.johnson114@example.com,DEPT-PPL,EMP-01255,2021-01-06,117359.64,active
EMP-00115,Theo,Wright,theo.wright115@example.com,DEPT-LEG,EMP-01771,2025-12-16,63316.22,terminated
EMP-00116,Jack,Flores,jack.flores116@example.com,DEPT-OPS,EMP-00076,2018-08-03,100664.91,active
EMP-00117,Sophia,Smith,sophia.smith117@example.com,DEPT-PPL,EMP-01801,2021-09-18,37324.74,active
EMP-00118,Emily,Garcia,emily.garcia118@example.com,DEPT-SUP,EMP-00432,2016-12-15,75279.02,inactive
EMP-00119,Liam,Moore,liam.moore119@example.com,DEPT-SUP,EMP-01217,2016-09-10,119731.31,active
EMP-00120,Theo,Hill,theo.hill120@example.com,DEPT-OPS,EMP-00676,2020-08-15,46120.17,terminated
EMP-00121,Owen,Adams,owen.adams121@example.com,DEPT-FIN,EMP-01340,2017-05-20,35448.73,inactive
EMP-00122,Emily,Moore,emily.moore122@example.com,DEPT-SAL,EMP-01662,2018-07-13,84840.06,active
EMP-00123,Oliver,Jackson,oliver.jackson123@example.com,DEPT-MKT,EMP-00334,2023-11-20,81046.64,active
EMP-00124,Henry,Miller,henry.miller124@example.com,DEPT-SUP,EMP-00870,2019-02-01,114639.30,terminated
EMP-00125,Evelyn,Smith,evelyn.smith125@example.com,DEPT-SAL,EMP-00879,2022-02-25,39278.85,active
EMP-00126,Aiden,Flores,aiden.flores126@example.com,DEPT-SUP,EMP-01477,2025-04-24,64757.72,active
EMP-00127,Mason,Clark,mason.clark127@example.com,DEPT-LEG,EMP-00107,2023-08-27,104357.26,inactive
EMP-00128,Emily,Ramirez,emily.ramirez128@example.com,DEPT-OPS,EMP-01567,2018-03-08,117655.71,active
EMP-00129,Grace,Taylor,grace.taylor129@example.com,DEPT-SAL,EMP-01662,2017-05-18,105869.05,active
EMP-00130,Nathan,Adams,nathan.adams130@example.com,DEPT-PPL,EMP-00960,2018-11-03,35031.34,terminated
EMP-00131,Nora,Martin,nora.martin131@example.com,DEPT-SUP,EMP-01073,2021-03-25,98261.93,active
EMP-00132,Owen,Williams,owen.williams132@example.com,DEPT-FIN,,2020-07-14,83832.03,terminated
EMP-00133,Lucas,Johnson,lucas.johnson133@example.com,DEPT-PPL,EMP-00787,2016-08-23,65694.66,active
EMP-00134,Nora,Johnson,nora.johnson134@example.com,DEPT-ENG,EMP-01770,2022-08-16,69062.42,active
EMP-00135,Layla,Thompson,layla.thompson135@example.com,DEPT-ENG,EMP-01170,2022-12-20,76738.78,active
EMP-00136,Isaac,Smith,isaac.smith136@example.com,DEPT-LEG,EMP-00031,2025-03-19,38459.21,inactive
EMP-00137,Isaac,Taylor,isaac.taylor137@example.com,DEPT-LEG,EMP-00031,2025-08-16,83410.26,active
EMP-00138,Ethan,Lewis,ethan.lewis138@example.com,DEPT-OPS,EMP-01567,2017-01-02,62976.96,inactive
EMP-00139,Nora,Green,nora.green139@example.com,DEPT-FIN,EMP-01576,2017-10-08,107664.96,active
EMP-00140,Grace,Clark,grace.clark140@example.com,DEPT-PPL,EMP-00572,2019-02-17,89256.60,active
EMP-00141,Noah,Garcia,noah.garcia141@example.com,DEPT-SAL,EMP-00879,2021-05-23,35508.13,active
EMP-00142,Isaac,Jackson,isaac.jackson142@example.com,DEPT-SAL,EMP-00879,2018-07-06,82715.81,active
EMP-00143,Sam,Wright,sam.wright143@example.com,DEPT-FIN,EMP-00980,2024-05-24,98103.86,inactive
EMP-00144,Jack,Walker,jack.walker144@example.com,DEPT-PPL,EMP-00572,2018-07-01,97527.34,inactive
EMP-00145,Nora,Torres,nora.torres145@example.com,DEPT-SAL,EMP-00879,2019-02-28,70045.21,active
EMP-00146,Emily,Green,emily.green146@example.com,DEPT-SUP,EMP-01073,2019-06-16,31042.37,terminated
EMP-00147,Zoe,Thomas,zoe.thomas147@example.com,DEPT-OPS,EMP-01782,2024-05-10,33101.88,inactive
EMP-00148,Grace,Smith,grace.smith148@example.com,DEPT-PPL,EMP-01255,2021-02-19,88972.17,active
EMP-00149,Hazel,Jones,hazel.jones149@example.com,DEPT-SUP,EMP-00907,2020-07-25,36355.94,inactive
EMP-00150,Benjamin,Scott,benjamin.scott150@example.com,DEPT-OPS,EMP-01782,2018-10-10,47006.20,inactive
EMP-00151,Lucas,Young,lucas.young151@example.com,DEPT-MKT,EMP-01594,2018-06-14,39304.82,inactive
EMP-00152,Harper,Sanchez,harper.sanchez152@example.com,DEPT-MKT,EMP-00255,2017-05-27,65597.64,active
EMP-00153,Scarlett,Walker,scarlett.walker153@example.com,DEPT-ENG,EMP-01094,2025-12-21,60095.30,inactive
EMP-00154,Emily,Harris,emily.harris154@example.com,DEPT-PPL,EMP-00592,2019-01-20,88993.00,terminated
EMP-00155,Henry,Miller,henry.miller155@example.com,DEPT-PPL,EMP-00787,2017-10-01,103979.24,terminated
EMP-00156,Harper,Taylor,harper.taylor156@example.com,DEPT-MKT,EMP-00255,2022-12-23,118655.78,active
EMP-00157,Nathan,Hill,nathan.hill157@example.com,DEPT-PPL,EMP-00277,2023-03-28,94393.63,terminated
EMP-00158,Matthew,Green,matthew.green158@example.com,DEPT-SUP,EMP-00432,2020-04-07,41545.99,active
EMP-00159,Leo,Clark,leo.clark159@example.com,DEPT-MKT,EMP-01594,2019-03-06,55801.18,active
EMP-00160,Ethan,Thompson,ethan.thompson160@example.com,DEPT-SUP,EMP-01477,2019-03-03,103367.37,active
EMP-00161,Abigail,Rodriguez,abigail.rodriguez161@example.com,DEPT-SUP,EMP-01073,2022-04-07,72490.29,active
EMP-00162,Ava,Garcia,ava.garcia162@example.com,DEPT-SAL,EMP-00664,2021-08-02,100348.77,active
EMP-00163,Daniel,Lewis,daniel.lewis163@example.com,DEPT-SAL,EMP-01257,2025-04-15,111276.85,active
EMP-00164,Aria,Martin,aria.martin164@example.com,DEPT-OPS,EMP-01067,2020-08-21,42605.97,active
EMP-00165,James,Perez,james.perez165@example.com,DEPT-OPS,EMP-00679,2021-04-10,64037.59,active
EMP-00166,Scarlett,Wright,scarlett.wright166@example.com,DEPT-ENG,EMP-00326,2024-04-04,101348.47,active
EMP-00167,Henry,Torres,henry.torres167@example.com,DEPT-FIN,EMP-01518,2017-09-08,89727.20,active
EMP-00168,Emma,Lee,emma.lee168@example.com,DEPT-MKT,EMP-01594,2021-01-13,34491.50,active
EMP-00169,Owen,Harris,owen.harris169@example.com,DEPT-SUP,EMP-00432,2018-02-22,45384.09,inactive
EMP-00170,Isaac,Thompson,isaac.thompson170@example.com,DEPT-SUP,EMP-00662,2024-07-24,79851.17,active
EMP-00171,Oliver,Wright,oliver.wright171@example.com,DEPT-LEG,EMP-00107,2016-07-02,89010.95,active
EMP-00172,Victoria,Robinson,victoria.robinson172@example.com,DEPT-MKT,EMP-01594,2017-12-12,31138.88,active
EMP-00173,Nora,White,nora.white173@example.com,DEPT-PPL,EMP-00277,2018-07-08,119164.77,active
EMP-00174,Lily,Rodriguez,lily.rodriguez174@example.com,DEPT-MKT,EMP-00334,2025-12-07,117195.33,active
EMP-00175,Amelia,Scott,amelia.scott175@example.com,DEPT-LEG,EMP-01771,2018-02-14,113391.74,terminated
EMP-00176,Ethan,Brown,ethan.brown176@example.com,DEPT-FIN,EMP-00582,2019-12-12,81089.13,active
EMP-00177,Sophia,Nelson,sophia.nelson177@example.com,DEPT-SAL,EMP-01668,2021-04-04,85038.57,inactive
EMP-00178,Harper,Adams,harper.adams178@example.com,DEPT-FIN,EMP-00700,2025-12-07,72458.22,active
EMP-00179,Emma,Walker,emma.walker179@example.com,DEPT-SAL,EMP-00664,2023-07-10,62134.03,inactive
EMP-00180,Grace,Brown,grace.brown180@example.com,DEPT-SAL,EMP-01911,2020-10-21,102622.53,active
EMP-00181,Owen,Perez,owen.perez181@example.com,DEPT-OPS,EMP-00486,2024-08-08,111267.03,active
EMP-00182,Layla,Perez,layla.perez182@example.com,DEPT-SAL,EMP-00295,2022-02-05,69460.68,active
EMP-00183,Aiden,Thompson,aiden.thompson183@example.com,DEPT-SAL,EMP-01668,2025-11-08,100086.05,active
EMP-00184,Leo,Williams,leo.williams184@example.com,DEPT-SAL,EMP-01704,2020-12-27,35256.53,inactive
EMP-00185,Zoe,Thomas,zoe.thomas185@example.com,DEPT-MKT,EMP-00334,2021-10-02,113349.85,active
EMP-00186,Emily,Taylor,emily.taylor186@example.com,DEPT-PPL,EMP-00592,2018-05-09,71182.08,terminated
EMP-00187,Nathan,Flores,nathan.flores187@example.com,DEPT-OPS,EMP-00990,2022-11-10,80116.62,active
EMP-00188,Amelia,Taylor,amelia.taylor188@example.com,DEPT-OPS,EMP-01886,2020-02-07,53028.03,active
EMP-00189,James,Wilson,james.wilson189@example.com,DEPT-MKT,EMP-01359,2017-07-23,45044.25,active
EMP-00190,Oliver,Taylor,oliver.taylor190@example.com,DEPT-LEG,EMP-00063,2024-01-12,86492.33,inactive
EMP-00191,Grace,Rodriguez,grace.rodriguez191@example.com,DEPT-SAL,EMP-01186,2022-11-25,108312.50,active
EMP-00192,Aria,Clark,aria.clark192@example.com,DEPT-FIN,EMP-00603,2023-01-11,64695.90,terminated
EMP-00193,Mia,Nelson,mia.nelson193@example.com,DEPT-SAL,EMP-01704,2018-04-01,68625.28,active
EMP-00194,James,King,james.king194@example.com,DEPT-SAL,EMP-01186,2023-11-15,118024.72,active
EMP-00195,Scarlett,Garcia,scarlett.garcia195@example.com,DEPT-SUP,EMP-00870,2017-10-09,38771.66,active
EMP-00196,Ava,Martin,ava.martin196@example.com,DEPT-SUP,EMP-01217,2017-04-24,56492.69,terminated
EMP-00197,Evelyn,Lee,evelyn.lee197@example.com,DEPT-MKT,EMP-00334,2020-12-22,93414.57,inactive
EMP-00198,Isaac,Moore,isaac.moore198@example.com,DEPT-LEG,EMP-00031,2022-01-06,74864.33,active
EMP-00199,Lily,Martin,lily.martin199@example.com,DEPT-OPS,EMP-01472,2022-07-12,94964.15,active
EMP-00200,Harper,Robinson,harper.robinson200@example.com,DEPT-LEG,EMP-00031,2021-11-21,49669.79,inactive
EMP-00201,Victoria,Hill,victoria.hill201@example.com,DEPT-PPL,EMP-00277,2020-10-06,100250.63,active
EMP-00202,Jack,Hill,jack.hill202@example.com,DEPT-FIN,EMP-01576,2022-05-13,34732.00,active
EMP-00203,Aiden,Perez,aiden.perez203@example.com,DEPT-ENG,EMP-01973,2018-05-06,38556.63,active
EMP-00204,Victoria,Sanchez,victoria.sanchez204@example.com,DEPT-FIN,EMP-01518,2025-04-23,95353.17,inactive
EMP-00205,Lily,Martin,lily.martin205@example.com,DEPT-MKT,EMP-00255,2025-03-10,41302.68,active
EMP-00206,Lucas,Brown,lucas.brown206@example.com,DEPT-SUP,EMP-00432,2020-06-04,53203.48,active
EMP-00207,Oliver,Hill,oliver.hill207@example.com,DEPT-SUP,EMP-01477,2023-11-20,65917.98,terminated
EMP-00208,Nathan,Martin,nathan.martin208@example.com,DEPT-LEG,EMP-00107,2019-06-15,56199.27,inactive
EMP-00209,Abigail,Clark,abigail.clark209@example.com,DEPT-LEG,EMP-00812,2020-01-22,100560.18,active
EMP-00210,Harper,Rodriguez,harper.rodriguez210@example.com,DEPT-SUP,EMP-00870,2024-02-12,30926.30,terminated
EMP-00211,Sophia,Brown,sophia.brown211@example.com,DEPT-SAL,EMP-01704,2023-07-04,69272.16,active
EMP-00212,Daniel,Hill,daniel.hill212@example.com,DEPT-ENG,EMP-01973,2020-11-10,53145.09,terminated
EMP-00213,Daniel,Taylor,daniel.taylor213@example.com,DEPT-SAL,EMP-01433,2018-07-15,61085.53,active
EMP-00214,Abigail,Walker,abigail.walker214@example.com,DEPT-MKT,EMP-00255,2022-01-09,95200.28,active
EMP-00215,Harper,White,harper.white215@example.com,DEPT-PPL,EMP-00277,2025-10-10,62676.96,terminated
EMP-00216,Mia,Wright,mia.wright216@example.com,DEPT-SUP,EMP-00662,2025-12-11,111590.85,active
EMP-00217,Victoria,Jackson,victoria.jackson217@example.com,DEPT-ENG,EMP-01197,2020-01-11,114861.48,active
EMP-00218,Isaac,Jones,isaac.jones218@example.com,DEPT-LEG,EMP-01592,2025-10-09,64201.82,active
EMP-00219,Emily,Walker,emily.walker219@example.com,DEPT-FIN,EMP-01648,2016-01-14,53252.10,active
EMP-00220,Isaac,Sanchez,isaac.sanchez220@example.com,DEPT-SUP,EMP-01073,2020-09-16,63795.63,active
EMP-00221,Zoe,Lewis,zoe.lewis221@example.com,DEPT-LEG,EMP-01592,2020-02-11,32623.47,terminated
EMP-00222,Victoria,Nguyen,victoria.nguyen222@example.com,DEPT-SAL,EMP-01911,2023-08-21,46526.81,active
EMP-00223,Emma,Scott,emma.scott223@example.com,DEPT-OPS,EMP-00339,2024-12-20,75227.22,inactive
EMP-00224,Emily,Nguyen,emily.nguyen224@example.com,DEPT-ENG,EMP-01094,2019-01-13,81514.42,active
EMP-00225,Liam,Martinez,liam.martinez225@example.com,DEPT-SAL,EMP-00879,2020-03-07,91049.13,terminated
EMP-00226,Benjamin,King,benjamin.king226@example.com,DEPT-ENG,EMP-01770,2017-12-10,119265.11,terminated
EMP-00227,Aria,Martin,aria.martin227@example.com,DEPT-OPS,EMP-00408,2021-04-13,81183.94,inactive
EMP-00228,Amelia,Moore,amelia.moore228@example.com,DEPT-PPL,EMP-00572,2020-01-01,36941.79,active
EMP-00229,Aria,Rodriguez,aria.rodriguez229@example.com,DEPT-MKT,EMP-01444,2018-02-11,82648.08,active
EMP-00230,Ella,Martin,ella.martin230@example.com,DEPT-MKT,EMP-01359,2018-08-03,74947.13,active
EMP-00231,Grace,Lewis,grace.lewis231@example.com,DEPT-ENG,EMP-00326,2019-03-27,79723.99,active
EMP-00232,Leo,Smith,leo.smith232@example.com,DEPT-ENG,EMP-01973,2021-05-10,119658.27,active
EMP-00233,Evelyn,Wright,evelyn.wright233@example.com,DEPT-PPL,EMP-00787,2020-04-18,74678.28,active
EMP-00234,Hazel,Jones,hazel.jones234@example.com,DEPT-SAL,EMP-01911,2024-06-22,67146.50,active
EMP-00235,Jack,Flores,jack.flores235@example.com,DEPT-PPL,EMP-01255,2018-08-18,59187.74,inactive
EMP-00236,Layla,White,layla.white236@example.com,DEPT-LEG,EMP-00861,2025-03-05,61714.99,active
EMP-00237,Emma,Ramirez,emma.ramirez237@example.com,DEPT-PPL,EMP-00787,2023-06-11,113130.39,active
EMP-00238,Harper,Young,harper.young238@example.com,DEPT-OPS,EMP-01472,2021-11-23,57278.69,terminated
EMP-00239,Evelyn,Adams,evelyn.adams239@example.com,DEPT-MKT,EMP-01359,2017-12-20,85968.58,active
EMP-00240,Harper,King,harper.king240@example.com,DEPT-MKT,EMP-01444,2016-09-16,56047.18,active
EMP-00241,Harper,Rodriguez,harper.rodriguez241@example.com,DEPT-SAL,EMP-01704,2018-11-27,95027.05,active
EMP-00242,Aiden,Harris,aiden.harris242@example.com,DEPT-SUP,EMP-00907,2024-01-02,48680.13,terminated
EMP-00243,Jack,Allen,jack.allen243@example.com,DEPT-FIN,EMP-01518,2023-09-12,51552.37,terminated
EMP-00244,Grace,Allen,grace.allen244@example.com,DEPT-FIN,EMP-01340,2023-12-12,73431.01,active
EMP-00245,Jack,Wilson,jack.wilson245@example.com,DEPT-PPL,EMP-00592,2016-08-06,111934.82,active
EMP-00246,Victoria,Davis,victoria.davis246@example.com,DEPT-PPL,EMP-01255,2022-01-14,31899.82,active
EMP-00247,Daniel,Smith,daniel.smith247@example.com,DEPT-OPS,EMP-00735,2019-03-18,114105.30,active
EMP-00248,Chloe,Smith,chloe.smith248@example.com,DEPT-SUP,EMP-01217,2022-05-11,49003.55,terminated
EMP-00249,Daniel,Moore,daniel.moore249@example.com,DEPT-LEG,EMP-01771,2016-02-21,55810.38,active
EMP-00250,Amelia,Allen,amelia.allen250@example.com,DEPT-PPL,EMP-00277,2018-10-01,50634.79,active
EMP-00251,Jack,Nguyen,jack.nguyen251@example.com,DEPT-OPS,EMP-00018,2016-03-02,63075.23,terminated
EMP-00252,Ella,Allen,ella.allen252@example.com,DEPT-OPS,EMP-01689,2024-06-18,61839.75,terminated
EMP-00253,Oliver,Brown,oliver.brown253@example.com,DEPT-ENG,EMP-01770,2023-02-16,48022.35,active
EMP-00254,Jack,Thomas,jack.thomas254@example.com,DEPT-FIN,EMP-01576,2025-09-14,87669.39,active
EMP-00255,Emma,Taylor,emma.taylor255@example.com,DEPT-MKT,,2023-09-06,67560.48,active
EMP-00256,Scarlett,Young,scarlett.young256@example.com,DEPT-FIN,EMP-00582,2020-09-15,66287.04,active
EMP-00257,Elijah,Clark,elijah.clark257@example.com,DEPT-MKT,EMP-01359,2017-05-25,64371.60,active
EMP-00258,Chloe,Williams,chloe.williams258@example.com,DEPT-FIN,EMP-00132,2016-09-25,83865.21,active
EMP-00259,Nathan,Wright,nathan.wright259@example.com,DEPT-ENG,EMP-01170,2023-02-11,36968.11,inactive
EMP-00260,Sophia,Wright,sophia.wright260@example.com,DEPT-PPL,EMP-00592,2023-06-13,75228.08,terminated
EMP-00261,Mason,Nguyen,mason.nguyen261@example.com,DEPT-PPL,EMP-01254,2025-09-10,102273.45,active
EMP-00262,Leo,Garcia,leo.garcia262@example.com,DEPT-FIN,EMP-00132,2022-06-03,87517.12,active
EMP-00263,Henry,Moore,henry.moore263@example.com,DEPT-SUP,EMP-00907,2016-01-06,86653.86,active
EMP-00264,Lily,Wright,lily.wright264@example.com,DEPT-PPL,EMP-00787,2023-06-05,92892.30,terminated
EMP-00265,Abigail,Nguyen,abigail.nguyen265@example.com,DEPT-FIN,EMP-00603,2022-07-07,95624.20,active
EMP-00266,Owen,Jones,owen.jones266@example.com,DEPT-PPL,EMP-00572,2020-07-16,92565.76,active
EMP-00267,Layla,Brown,layla.brown267@example.com,DEPT-SUP,EMP-01477,2024-08-20,107350.96,active
EMP-00268,Evelyn,Martinez,evelyn.martinez268@example.com,DEPT-ENG,EMP-00479,2025-02-28,118331.78,active
EMP-00269,Matthew,Allen,matthew.allen269@example.com,DEPT-FIN,EMP-00132,2021-10-28,41087.17,active
EMP-00270,Zoe,Johnson,zoe.johnson270@example.com,DEPT-PPL,EMP-00996,2016-04-20,106383.93,inactive
EMP-00271,Jack,White,jack.white271@example.com,DEPT-MKT,EMP-01359,2024-12-06,34586.06,active
EMP-00272,Emily,Williams,emily.williams272@example.com,DEPT-PPL,EMP-00572,2023-12-26,45891.81,active
EMP-00273,Aria,King,aria.king273@example.com,DEPT-FIN,EMP-01518,2019-12-15,85148.01,inactive
EMP-00274,Scarlett,Perez,scarlett.perez274@example.com,DEPT-SUP,EMP-01073,2022-07-01,45273.37,terminated
EMP-00275,Nora,Scott,nora.scott275@example.com,DEPT-PPL,EMP-01254,2025-02-10,33956.71,active
EMP-00276,Mason,Hill,mason.hill276@example.com,DEPT-MKT,EMP-01444,2016-10-08,56523.27,terminated
EMP-00277,Victoria,Wilson,victoria.wilson277@example.com,DEPT-PPL,,2019-12-21,35686.16,active
EMP-00278,Harper,Miller,harper.miller278@example.com,DEPT-OPS,EMP-01472,2024-02-26,44752.42,terminated
EMP-00279,Harper,Taylor,harper.taylor279@example.com,DEPT-ENG,EMP-01094,2018-02-04,88891.65,terminated
EMP-00280,Victoria,Torres,victoria.torres280@example.com,DEPT-SAL,EMP-01704,2023-10-23,50733.85,active
EMP-00281,Aiden,White,aiden.white281@example.com,DEPT-SUP,EMP-00662,2017-06-16,87342.47,active
EMP-00282,Nathan,Harris,nathan.harris282@example.com,DEPT-PPL,EMP-00572,2017-09-03,78404.68,active
EMP-00283,Henry,Lee,henry.lee283@example.com,DEPT-PPL,EMP-00787,2018-04-22,77902.16,inactive
EMP-00284,Chloe,Clark,chloe.clark284@example.com,DEPT-SUP,EMP-00907,2022-08-11,74475.46,active
EMP-00285,Layla,Perez,layla.perez285@example.com,DEPT-SAL,EMP-01186,2017-01-08,33860.65,inactive
EMP-00286,Lily,Smith,lily.smith286@example.com,DEPT-OPS,EMP-01806,2025-04-17,77468.09,inactive
EMP-00287,Lucas,Flores,lucas.flores287@example.com,DEPT-ENG,EMP-00326,2024-01-25,88955.16,inactive
EMP-00288,Mason,Miller,mason.miller288@example.com,DEPT-SUP,EMP-00693,2023-01-22,115472.25,active
EMP-00289,Harper,Perez,harper.perez289@example.com,DEPT-LEG,EMP-00063,2021-06-14,78323.51,inactive
EMP-00290,Grace,Taylor,grace.taylor290@example.com,DEPT-ENG,EMP-00479,2025-11-22,52142.45,inactive
EMP-00291,Ava,Nelson,ava.nelson291@example.com,DEPT-SUP,EMP-01477,2025-11-28,35171.04,terminated
EMP-00292,Owen,Martinez,owen.martinez292@example.com,DEPT-MKT,EMP-01359,2019-06-02,49515.45,inactive
EMP-00293,Scarlett,Miller,scarlett.miller293@example.com,DEPT-SUP,EMP-01217,2018-06-01,33347.72,terminated
EMP-00294,Nathan,Torres,nathan.torres294@example.com,DEPT-SUP,EMP-00693,2024-11-28,68242.19,active
EMP-00295,Ella,Lewis,ella.lewis295@example.com,DEPT-SAL,,2018-07-14,77628.94,active
EMP-00296,Zoe,Nguyen,zoe.nguyen296@example.com,DEPT-SUP,EMP-00662,2025-02-23,95613.49,active
EMP-00297,Matthew,Martin,matthew.martin297@example.com,DEPT-LEG,EMP-01491,2021-09-09,42876.09,active
EMP-00298,Oliver,Johnson,oliver.johnson298@example.com,DEPT-PPL,EMP-00572,2018-04-07,113013.84,active
EMP-00299,Lucas,Adams,lucas.adams299@example.com,DEPT-MKT,EMP-01594,2019-04-20,97490.21,inactive
EMP-00300,Matthew,Allen,matthew.allen300@example.com,DEPT-LEG,EMP-01592,2023-11-24,119226.52,inactive
EMP-00301,Ella,Torres,ella.torres301@example.com,DEPT-OPS,EMP-00408,2025-06-05,47433.56,active
EMP-00302,Sam,Wilson,sam.wilson302@example.com,DEPT-MKT,EMP-01444,2022-08-28,100568.60,active
EMP-00303,Liam,Brown,liam.brown303@example.com,DEPT-FIN,EMP-01576,2019-07-11,87238.73,active
EMP-00304,Evelyn,Smith,evelyn.smith304@example.com,DEPT-FIN,EMP-00700,2020-11-06,52283.70,inactive
EMP-00305,Oliver,Perez,oliver.perez305@example.com,DEPT-ENG,EMP-00479,2017-05-26,38776.22,inactive
EMP-00306,Daniel,King,daniel.king306@example.com,DEPT-PPL,EMP-00592,2025-03-26,47161.21,active
EMP-00307,Daniel,White,daniel.white307@example.com,DEPT-SUP,EMP-00870,2016-01-22,71958.57,active
EMP-00308,Oliver,Hill,oliver.hill308@example.com,DEPT-OPS,EMP-00339,2019-03-18,108506.62,terminated
EMP-00309,Mason,Wright,mason.wright309@example.com,DEPT-PPL,EMP-00996,2020-03-20,41816.67,active
EMP-00310,Owen,Taylor,owen.taylor310@example.com,DEPT-SUP,EMP-00693,2021-04-13,80217.62,active
EMP-00311,Isaac,Robinson,isaac.robinson311@example.com,DEPT-ENG,EMP-01170,2025-09-01,106029.20,active
EMP-00312,Mia,Walker,mia.walker312@example.com,DEPT-SUP,EMP-00907,2021-02-19,115757.55,active
EMP-00313,Aiden,Allen,aiden.allen313@example.com,DEPT-OPS,EMP-00018,2020-08-08,85403.52,active
EMP-00314,Lily,Smith,lily.smith314@example.com,DEPT-MKT,EMP-01594,2017-04-08,49615.36,active
EMP-00315,Matthew,Lewis,matthew.lewis315@example.com,DEPT-LEG,EMP-00482,2025-02-04,39914.05,terminated
EMP-00316,Emily,Nguyen,emily.nguyen316@example.com,DEPT-MKT,EMP-00255,2017-06-22,66778.57,terminated
EMP-00317,Liam,King,liam.king317@example.com,DEPT-FIN,EMP-00603,2018-08-14,96024.89,active
EMP-00318,Victoria,Hill,victoria.hill318@example.com,DEPT-SUP,EMP-01073,2016-11-25,100004.57,active
EMP-00319,Ava,Anderson,ava.anderson319@example.com,DEPT-SAL,EMP-01257,2022-03-10,87800.77,inactive
EMP-00320,Nora,Anderson,nora.anderson320@example.com,DEPT-SAL,EMP-01668,2023-10-27,68138.78,active
EMP-00321,Sam,Thompson,sam.thompson321@example.com,DEPT-MKT,EMP-01444,2020-09-07,91666.28,active
EMP-00322,Amelia,Anderson,amelia.anderson322@example.com,DEPT-MKT,EMP-01444,2017-02-22,76692.09,inactive
EMP-00323,Ethan,Garcia,ethan.garcia323@example.com,DEPT-SAL,EMP-01662,2023-10-13,73940.11,active
EMP-00324,Evelyn,Williams,evelyn.williams324@example.com,DEPT-ENG,EMP-00326,2018-04-13,59905.87,inactive
EMP-00325,Evelyn,Nguyen,evelyn.nguyen325@example.com,DEPT-SUP,EMP-00870,2022-02-12,32116.94,active
EMP-00326,Mia,Green,mia.green326@example.com,DEPT-ENG,,2021-01-14,36488.89,terminated
EMP-00327,Henry,Thompson,henry.thompson327@example.com,DEPT-LEG,EMP-00861,2019-06-23,99516.15,terminated
EMP-00328,Aria,Torres,aria.torres328@example.com,DEPT-LEG,EMP-01491,2024-09-09,89201.82,inactive
EMP-00329,Ethan,Martin,ethan.martin329@example.com,DEPT-MKT,EMP-01359,2023-10-17,79171.81,terminated
EMP-00330,Evelyn,Miller,evelyn.miller330@example.com,DEPT-LEG,EMP-00107,2023-12-01,34807.82,active
EMP-00331,Sophia,Scott,sophia.scott331@example.com,DEPT-SUP,EMP-00870,2021-06-14,38824.68,active
EMP-00332,Chloe,White,chloe.white332@example.com,DEPT-OPS,EMP-00735,2020-04-10,66268.92,active
EMP-00333,Zoe,Jones,zoe.jones333@example.com,DEPT-ENG,EMP-01504,2021-10-04,104070.29,active
EMP-00334,Matthew,Thompson,matthew.thompson334@example.com,DEPT-MKT,,2022-08-27,114617.71,active
EMP-00335,Lily,Nelson,lily.nelson335@example.com,DEPT-PPL,EMP-01254,2017-05-03,66727.85,active
EMP-00336,Aiden,Williams,aiden.williams336@example.com,DEPT-OPS,EMP-01886,2016-08-02,85393.95,active
EMP-00337,Evelyn,Moore,evelyn.moore337@example.com,DEPT-LEG,EMP-00482,2019-06-03,86808.00,active
EMP-00338,Isaac,Green,isaac.green338@example.com,DEPT-FIN,EMP-01340,2023-07-20,33077.16,inactive
EMP-00339,Harper,Hill,harper.hill339@example.com,DEPT-OPS,,2025-02-16,52376.27,active
EMP-00340,Grace,Torres,grace.torres340@example.com,DEPT-ENG,EMP-01094,2023-09-11,103573.75,terminated
EMP-00341,Emily,Moore,emily.moore341@example.com,DEPT-ENG,EMP-01973,2020-06-11,83139.61,active
EMP-00342,Emma,Green,emma.green342@example.com,DEPT-PPL,EMP-00277,2017-01-26,62346.97,terminated
EMP-00343,Mason,Walker,mason.walker343@example.com,DEPT-MKT,EMP-00334,2016-09-28,115253.05,active
EMP-00344,Ethan,Jones,ethan.jones344@example.com,DEPT-SUP,EMP-00907,2018-02-13,108419.15,active
EMP-00345,Ava,Green,ava.green345@example.com,DEPT-LEG,EMP-01491,2021-01-02,44116.41,active
EMP-00346,Jack,Smith,jack.smith346@example.com,DEPT-OPS,EMP-00679,2017-04-11,62368.82,active
EMP-00347,Noah,Perez,noah.perez347@example.com,DEPT-SUP,EMP-01217,2024-10-26,64323.20,inactive
EMP-00348,Sam,Moore,sam.moore348@example.com,DEPT-ENG,EMP-01504,2019-09-12,101137.74,active
EMP-00349,Chloe,Nelson,chloe.nelson349@example.com,DEPT-ENG,EMP-01094,2023-05-12,84672.94,active
EMP-00350,Leo,Robinson,leo.robinson350@example.com,DEPT-ENG,EMP-01973,2022-01-21,80502.10,active
EMP-00351,Layla,Nguyen,layla.nguyen351@example.com,DEPT-PPL,EMP-01254,2016-03-16,37968.17,terminated
EMP-00352,Elijah,Robinson,elijah.robinson352@example.com,DEPT-FIN,EMP-00700,2021-06-12,112575.59,active
EMP-00353,Mason,White,mason.white353@example.com,DEPT-SAL,EMP-01911,2019-11-07,39986.28,terminated
EMP-00354,Ella,Jones,ella.jones354@example.com,DEPT-PPL,EMP-00592,2018-05-11,71941.29,active
EMP-00355,James,Rodriguez,james.rodriguez355@example.com,DEPT-MKT,EMP-00334,2020-09-02,105741.15,active
EMP-00356,Aiden,Harris,aiden.harris356@example.com,DEPT-MKT,EMP-00334,2020-06-20,31502.71,terminated
EMP-00357,Grace,Ramirez,grace.ramirez357@example.com,DEPT-PPL,EMP-00960,2020-07-22,61636.04,active
EMP-00358,Mason,Young,mason.young358@example.com,DEPT-SUP,EMP-01477,2025-10-13,80131.96,active
EMP-00359,Daniel,Taylor,daniel.taylor359@example.com,DEPT-MKT,EMP-01444,2023-07-16,83493.74,active
EMP-00360,Ethan,Taylor,ethan.taylor360@example.com,DEPT-PPL,EMP-00996,2018-02-09,104441.04,active
EMP-00361,Hazel,Adams,hazel.adams361@example.com,DEPT-PPL,EMP-00592,2017-09-13,117113.80,terminated
EMP-00362,Benjamin,Wright,benjamin.wright362@example.com,DEPT-LEG,EMP-00812,2020-04-07,118230.44,inactive
EMP-00363,Lucas,Brown,lucas.brown363@example.com,DEPT-SUP,EMP-00432,2021-11-05,39695.99,active
EMP-00364,Abigail,Nguyen,abigail.nguyen364@example.com,DEPT-MKT,EMP-01359,2016-01-11,99022.23,inactive
EMP-00365,Liam,Hill,liam.hill365@example.com,DEPT-SUP,EMP-01073,2021-10-21,95899.43,inactive
EMP-00366,Oliver,Wilson,oliver.wilson366@example.com,DEPT-OPS,EMP-00735,2023-11-13,112509.93,active
EMP-00367,Grace,Ramirez,grace.ramirez367@example.com,DEPT-PPL,EMP-01255,2023-12-23,68906.74,active
EMP-00368,Liam,Miller,liam.miller368@example.com,DEPT-PPL,EMP-00787,2021-09-22,54480.83,active
EMP-00369,Hazel,Wright,hazel.wright369@example.com,DEPT-ENG,EMP-00479,2017-06-21,49998.48,active
EMP-00370,Abigail,Hill,abigail.hill370@example.com,DEPT-OPS,EMP-00018,2025-01-14,80274.87,inactive
EMP-00371,Matthew,Adams,matthew.adams371@example.com,DEPT-OPS,EMP-00018,2022-02-03,88573.32,active
EMP-00372,James,Hill,james.hill372@example.com,DEPT-OPS,EMP-00486,2019-06-12,54007.57,active
EMP-00373,Liam,Adams,liam.adams373@example.com,DEPT-PPL,EMP-01254,2020-01-21,57379.13,active
EMP-00374,Grace,Martinez,grace.martinez374@example.com,DEPT-OPS,EMP-00486,2024-09-19,58508.17,active
EMP-00375,Layla,Nguyen,layla.nguyen375@example.com,DEPT-MKT,EMP-00334,2019-10-04,38014.03,active
EMP-00376,Theo,Robinson,theo.robinson376@example.com,DEPT-FIN,EMP-00132,2018-06-04,74603.61,terminated
EMP-00377,Mason,Green,mason.green377@example.com,DEPT-SAL,EMP-00664,2017-09-03,59353.83,active
EMP-00378,Evelyn,Lee,evelyn.lee378@example.com,DEPT-SUP,EMP-00693,2020-01-18,103256.97,active
EMP-00379,Hazel,Sanchez,hazel.sanchez379@example.com,DEPT-OPS,EMP-01782,2022-02-10,65367.70,active
EMP-00380,Henry,Lee,henry.lee380@example.com,DEPT-SAL,EMP-01433,2018-09-12,76907.57,active
EMP-00381,Benjamin,Harris,benjamin.harris381@example.com,DEPT-SUP,EMP-01073,2024-01-28,98597.51,active
EMP-00382,Lily,Walker,lily.walker382@example.com,DEPT-OPS,EMP-00990,2018-01-05,115413.16,inactive
EMP-00383,Mason,Torres,mason.torres383@example.com,DEPT-LEG,EMP-01726,2016-06-11,54064.68,active
EMP-00384,James,Smith,james.smith384@example.com,DEPT-LEG,EMP-00812,2019-05-12,41582.91,inactive
EMP-00385,Matthew,Brown,matthew.brown385@example.com,DEPT-PPL,EMP-00996,2024-01-05,89121.05,active
EMP-00386,Noah,Anderson,noah.anderson386@example.com,DEPT-PPL,EMP-01255,2021-10-26,55311.55,active
EMP-00387,Elijah,Torres,elijah.torres387@example.com,DEPT-OPS,EMP-01567,2016-03-06,112199.53,terminated
EMP-00388,Lucas,Wilson,lucas.wilson388@example.com,DEPT-SUP,EMP-01477,2022-12-23,98714.48,active
EMP-00389,Victoria,Scott,victoria.scott389@example.com,DEPT-OPS,EMP-00018,2020-01-22,39182.79,terminated
EMP-00390,Ava,Miller,ava.miller390@example.com,DEPT-FIN,EMP-00700,2020-05-11,37343.74,active
EMP-00391,Lucas,Thomas,lucas.thomas391@example.com,DEPT-FIN,EMP-00645,2023-08-04,100403.70,active
EMP-00392,Victoria,Taylor,victoria.taylor392@example.com,DEPT-PPL,EMP-00996,2019-07-12,65806.49,active
EMP-00393,Ethan,Nelson,ethan.nelson393@example.com,DEPT-MKT,EMP-01594,2025-07-20,119556.88,active
EMP-00394,Ella,Scott,ella.scott394@example.com,DEPT-MKT,EMP-01594,2021-04-19,99015.63,inactive
EMP-00395,Noah,Johnson,noah.johnson395@example.com,DEPT-FIN,EMP-00980,2025-05-18,101055.51,active
EMP-00396,Evelyn,Hill,evelyn.hill396@example.com,DEPT-OPS,EMP-00408,2022-02-25,115145.80,active
EMP-00397,Abigail,Taylor,abigail.taylor397@example.com,DEPT-OPS,EMP-00486,2024-04-27,97621.51,inactive
EMP-00398,Emily,Brown,emily.brown398@example.com,DEPT-FIN,EMP-01648,2023-03-05,59872.35,terminated
EMP-00399,Evelyn,Jones,evelyn.jones399@example.com,DEPT-OPS,EMP-00408,2024-12-16,113050.79,terminated
EMP-00400,Henry,Ramirez,henry.ramirez400@example.com,DEPT-FIN,EMP-00603,2017-01-28,65594.51,active
EMP-00401,Ethan,White,ethan.white401@example.com,DEPT-FIN,EMP-01648,2025-12-17,97574.62,terminated
EMP-00402,Leo,Lewis,leo.lewis402@example.com,DEPT-MKT,EMP-00255,2020-11-21,98116.44,active
EMP-00403,Matthew,Davis,matthew.davis403@example.com,DEPT-ENG,EMP-00326,2018-11-19,72445.76,active
EMP-00404,Harper,Torres,harper.torres404@example.com,DEPT-FIN,EMP-01518,2025-03-25,40739.63,active
EMP-00405,Sam,Davis,sam.davis405@example.com,DEPT-FIN,EMP-01340,2021-03-01,55669.09,active
EMP-00406,Noah,Clark,noah.clark406@example.com,DEPT-LEG,EMP-01646,2019-09-06,112398.50,active
EMP-00407,Daniel,Nelson,daniel.nelson407@example.com,DEPT-ENG,EMP-01973,2020-07-26,103769.83,terminated
EMP-00408,Isaac,Lee,isaac.lee408@example.com,DEPT-OPS,,2024-08-05,88265.45,inactive
EMP-00409,Ava,Walker,ava.walker409@example.com,DEPT-MKT,EMP-00255,2021-06-02,43450.25,terminated
EMP-00410,Harper,Garcia,harper.garcia410@example.com,DEPT-ENG,EMP-01770,2018-04-01,40540.31,inactive
EMP-00411,Harper,Moore,harper.moore411@example.com,DEPT-SUP,EMP-00662,2020-05-20,77114.97,active
EMP-00412,Nora,Jones,nora.jones412@example.com,DEPT-FIN,EMP-00683,2023-09-15,49835.91,active
EMP-00413,Nathan,Wilson,nathan.wilson413@example.com,DEPT-SUP,EMP-00432,2016-07-06,81243.42,terminated
EMP-00414,Sam,Adams,sam.adams414@example.com,DEPT-LEG,EMP-00812,2023-11-20,57167.98,active
EMP-00415,Lucas,Adams,lucas.adams415@example.com,DEPT-SUP,EMP-00693,2020-11-13,53298.73,inactive
EMP-00416,Benjamin,Rodriguez,benjamin.rodriguez416@example.com,DEPT-PPL,EMP-01801,2025-08-16,52122.84,active
EMP-00417,Liam,Brown,liam.brown417@example.com,DEPT-SAL,EMP-01668,2016-08-22,99891.22,terminated
EMP-00418,Nathan,Nguyen,nathan.nguyen418@example.com,DEPT-SUP,EMP-01477,2016-06-07,66508.59,active
EMP-00419,James,White,james.white419@example.com,DEPT-MKT,EMP-01359,2021-06-02,35352.17,active
EMP-00420,Lucas,Garcia,lucas.garcia420@example.com,DEPT-PPL,EMP-01254,2018-10-28,82082.05,inactive
EMP-00421,Liam,Young,liam.young421@example.com,DEPT-ENG,EMP-01170,2017-10-10,32505.24,terminated
EMP-00422,Isaac,Taylor,isaac.taylor422@example.com,DEPT-LEG,EMP-01646,2025-04-19,90087.34,active
EMP-00423,Abigail,Nguyen,abigail.nguyen423@example.com,DEPT-ENG,EMP-01770,2023-12-20,38235.43,active
EMP-00424,Ella,Nelson,ella.nelson424@example.com,DEPT-ENG,EMP-01504,2019-11-23,55979.33,active
EMP-00425,Sam,Taylor,sam.taylor425@example.com,DEPT-SUP,EMP-00907,2016-06-12,35125.73,active
EMP-00426,Daniel,Harris,daniel.harris426@example.com,DEPT-PPL,EMP-00996,2018-01-10,63787.06,active
EMP-00427,Owen,Flores,owen.flores427@example.com,DEPT-SUP,EMP-00662,2018-11-28,85921.25,terminated
EMP-00428,Victoria,Green,victoria.green428@example.com,DEPT-MKT,EMP-01444,2025-09-10,115192.90,inactive
EMP-00429,Lucas,White,lucas.white429@example.com,DEPT-PPL,EMP-00960,2020-06-27,42229.25,active
EMP-00430,Aiden,Allen,aiden.allen430@example.com,DEPT-SAL,EMP-01704,2017-01-04,92126.79,active
EMP-00431,Daniel,Wilson,daniel.wilson431@example.com,DEPT-OPS,EMP-01689,2024-04-15,93556.75,active
EMP-00432,Mia,Martinez,mia.martinez432@example.com,DEPT-SUP,,2021-01-12,86095.26,terminated
EMP-00433,Aria,Wilson,aria.wilson433@example.com,DEPT-SUP,EMP-00907,2021-11-17,103056.59,inactive
EMP-00434,Leo,Green,leo.green434@example.com,DEPT-ENG,EMP-00479,2022-07-25,67235.11,active
EMP-00435,Harper,Lee,harper.lee435@example.com,DEPT-OPS,EMP-01806,2020-05-14,68534.22,active
EMP-00436,Ella,Clark,ella.clark436@example.com,DEPT-LEG,EMP-00107,2020-02-25,35687.21,active
EMP-00437,Lily,Miller,lily.miller437@example.com,DEPT-FIN,EMP-01518,2022-01-18,113264.13,active
EMP-00438,Hazel,Adams,hazel.adams438@example.com,DEPT-FIN,EMP-00700,2016-12-15,112348.44,active
EMP-00439,Ava,Williams,ava.williams439@example.com,DEPT-ENG,EMP-01197,2020-04-15,37484.37,active
EMP-00440,Oliver,Perez,oliver.perez440@example.com,DEPT-FIN,EMP-00700,2024-04-02,84164.56,active
EMP-00441,Theo,Miller,theo.miller441@example.com,DEPT-SAL,EMP-00664,2019-08-10,46536.74,active
EMP-00442,Harper,Moore,harper.moore442@example.com,DEPT-SUP,EMP-00870,2016-07-06,119192.04,inactive
EMP-00443,Emma,Garcia,emma.garcia443@example.com,DEPT-MKT,EMP-01359,2024-04-06,48925.79,active
EMP-00444,Henry,Torres,henry.torres444@example.com,DEPT-PPL,EMP-00960,2021-10-04,44995.84,active
EMP-00445,Scarlett,Lee,scarlett.lee445@example.com,DEPT-ENG,EMP-01197,2022-12-11,100879.27,active
EMP-00446,Lucas,Young,lucas.young446@example.com,DEPT-LEG,EMP-01491,2016-11-19,89118.41,active
EMP-00447,Nora,Harris,nora.harris447@example.com,DEPT-PPL,EMP-01255,2025-10-01,108638.54,active
EMP-00448,Nora,Clark,nora.clark448@example.com,DEPT-SAL,EMP-01668,2019-04-14,59753.30,terminated
EMP-00449,Lily,Ramirez,lily.ramirez449@example.com,DEPT-FIN,EMP-00700,2017-10-22,115192.60,terminated
EMP-00450,Oliver,Perez,oliver.perez450@example.com,DEPT-OPS,EMP-00076,2022-12-21,31420.64,active
EMP-00451,Noah,Lewis,noah.lewis451@example.com,DEPT-SAL,EMP-00664,2016-02-25,100789.80,inactive
EMP-00452,Lucas,Taylor,lucas.taylor452@example.com,DEPT-SUP,EMP-01073,2022-02-09,109075.45,active
EMP-00453,Scarlett,Williams,scarlett.williams453@example.com,DEPT-SAL,EMP-01911,2023-11-05,51972.48,active
EMP-00454,Zoe,Hill,zoe.hill454@example.com,DEPT-FIN,EMP-00980,2016-01-24,42863.42,active
EMP-00455,Oliver,Martin,oliver.martin455@example.com,DEPT-SUP,EMP-00870,2017-04-16,102984.13,inactive
EMP-00456,Daniel,Moore,daniel.moore456@example.com,DEPT-MKT,EMP-00255,2019-09-23,74746.34,active
EMP-00457,Oliver,Garcia,oliver.garcia457@example.com,DEPT-ENG,EMP-01170,2020-02-26,106324.87,active
EMP-00458,Oliver,Davis,oliver.davis458@example.com,DEPT-ENG,EMP-01094,2021-06-25,119267.39,active
EMP-00459,Lily,Flores,lily.flores459@example.com,DEPT-FIN,EMP-01648,2022-06-16,118152.69,active
EMP-00460,Ava,Brown,ava.brown460@example.com,DEPT-ENG,EMP-00326,2025-10-11,43303.64,inactive
EMP-00461,Elijah,Brown,elijah.brown461@example.com,DEPT-SUP,EMP-01477,2024-08-28,111978.98,active
EMP-00462,Benjamin,Lee,benjamin.lee462@example.com,DEPT-FIN,EMP-01576,2022-10-15,77969.41,active
EMP-00463,Oliver,Anderson,oliver.anderson463@example.com,DEPT-SUP,EMP-01477,2020-02-24,56225.05,active
EMP-00464,Hazel,Rodriguez,hazel.rodriguez464@example.com,DEPT-PPL,EMP-01254,2019-03-15,86764.70,active
EMP-00465,Leo,Garcia,leo.garcia465@example.com,DEPT-PPL,EMP-01255,2017-08-05,34864.77,terminated
EMP-00466,Mason,Anderson,mason.anderson466@example.com,DEPT-ENG,EMP-01170,2017-01-19,88093.18,active
EMP-00467,Jack,Clark,jack.clark467@example.com,DEPT-PPL,EMP-00787,2023-06-20,49541.46,active
EMP-00468,Grace,Rodriguez,grace.rodriguez468@example.com,DEPT-OPS,EMP-01689,2024-10-06,57273.26,active
EMP-00469,Emma,Rodriguez,emma.rodriguez469@example.com,DEPT-FIN,EMP-00980,2016-11-25,101111.20,terminated
EMP-00470,Sam,Wilson,sam.wilson470@example.com,DEPT-OPS,EMP-01067,2025-07-09,50294.40,inactive
EMP-00471,Sophia,Green,sophia.green471@example.com,DEPT-ENG,EMP-01770,2020-11-23,50549.84,active
EMP-00472,Lucas,Martin,lucas.martin472@example.com,DEPT-FIN,EMP-01518,2021-08-25,65349.05,active
EMP-00473,Layla,Miller,layla.miller473@example.com,DEPT-PPL,EMP-00960,2017-10-06,44449.14,active
EMP-00474,Amelia,Green,amelia.green474@example.com,DEPT-MKT,EMP-01444,2019-12-22,38012.80,active
EMP-00475,Hazel,King,hazel.king475@example.com,DEPT-PPL,EMP-01801,2023-02-19,100501.49,active
EMP-00476,Benjamin,Scott,benjamin.scott476@example.com,DEPT-FIN,EMP-00582,2020-03-27,71170.98,active
EMP-00477,Leo,Brown,leo.brown477@example.com,DEPT-PPL,EMP-01801,2018-05-19,111086.71,active
EMP-00478,Layla,Smith,layla.smith478@example.com,DEPT-MKT,EMP-00255,2023-06-05,43112.28,terminated
EMP-00479,Mia,Scott,mia.scott479@example.com,DEPT-ENG,,2022-09-12,39571.78,active
EMP-00480,Matthew,Miller,matthew.miller480@example.com,DEPT-FIN,EMP-00603,2023-08-03,30092.94,terminated
EMP-00481,Jack,Clark,jack.clark481@example.com,DEPT-SUP,EMP-00432,2019-06-07,96476.65,active
EMP-00482,Amelia,Nelson,amelia.nelson482@example.com,DEPT-LEG,,2021-01-19,83186.39,active
EMP-00483,Theo,Green,theo.green483@example.com,DEPT-SUP,EMP-00662,2018-02-17,55048.63,inactive
EMP-00484,Lily,Clark,lily.clark484@example.com,DEPT-SUP,EMP-01217,2016-05-23,64595.72,active
EMP-00485,Emily,Moore,emily.moore485@example.com,DEPT-MKT,EMP-01444,2023-03-01,69805.16,active
EMP-00486,Sam,Jackson,sam.jackson486@example.com,DEPT-OPS,,2018-11-10,76687.50,active
EMP-00487,Hazel,Smith,hazel.smith487@example.com,DEPT-SUP,EMP-00693,2025-08-28,52573.19,active
EMP-00488,Lucas,Allen,lucas.allen488@example.com,DEPT-OPS,EMP-00486,2020-09-23,92523.69,inactive
EMP-00489,Benjamin,Miller,benjamin.miller489@example.com,DEPT-ENG,EMP-01770,2017-05-27,61835.63,active
EMP-00490,Ava,King,ava.king490@example.com,DEPT-PPL,EMP-01255,2023-11-19,102384.29,active
EMP-00491,Liam,Walker,liam.walker491@example.com,DEPT-FIN,EMP-00683,2019-01-11,102846.20,active
EMP-00492,Lucas,Jackson,lucas.jackson492@example.com,DEPT-MKT,EMP-00334,2016-05-18,83907.89,terminated
EMP-00493,Aiden,Wright,aiden.wright493@example.com,DEPT-SUP,EMP-00662,2024-10-19,35924.46,active
EMP-00494,Ethan,Moore,ethan.moore494@example.com,DEPT-SAL,EMP-01257,2024-10-05,50440.97,terminated
EMP-00495,Scarlett,Walker,scarlett.walker495@example.com,DEPT-MKT,EMP-00334,2021-03-12,77335.68,active
EMP-00496,Sam,Garcia,sam.garcia496@example.com,DEPT-ENG,EMP-01094,2025-02-27,106358.78,terminated
EMP-00497,Sophia,Brown,sophia.brown497@example.com,DEPT-ENG,EMP-01973,2022-05-08,63208.61,active
EMP-00498,Amelia,Brown,amelia.brown498@example.com,DEPT-SAL,EMP-00879,2021-10-19,91749.86,terminated
EMP-00499,Sam,White,sam.white499@example.com,DEPT-OPS,EMP-01221,2017-07-12,87611.45,active
EMP-00500,Grace,Perez,grace.perez500@example.com,DEPT-MKT,EMP-00334,2018-02-05,39112.55,inactive
EMP-00501,Chloe,Anderson,chloe.anderson501@example.com,DEPT-PPL,EMP-00572,2018-05-03,103523.75,active
EMP-00502,James,Brown,james.brown502@example.com,DEPT-MKT,EMP-01444,2019-03-07,77317.69,inactive
EMP-00503,Aiden,Brown,aiden.brown503@example.com,DEPT-LEG,EMP-01491,2020-07-21,60534.14,terminated
EMP-00504,Harper,Martin,harper.martin504@example.com,DEPT-ENG,EMP-01170,2024-08-06,86467.85,active
EMP-00505,Daniel,Davis,daniel.davis505@example.com,DEPT-SUP,EMP-00662,2020-03-24,98573.50,inactive
EMP-00506,Victoria,Brown,victoria.brown506@example.com,DEPT-ENG,EMP-01170,2022-09-09,90340.46,terminated
EMP-00507,Liam,Sanchez,liam.sanchez507@example.com,DEPT-FIN,EMP-00980,2018-05-23,105383.70,active
EMP-00508,Matthew,White,matthew.white508@example.com,DEPT-PPL,EMP-01255,2025-12-10,44903.05,terminated
EMP-00509,Owen,King,owen.king509@example.com,DEPT-LEG,EMP-01491,2024-12-05,87712.19,terminated
EMP-00510,Elijah,Thomas,elijah.thomas510@example.com,DEPT-SUP,EMP-01477,2018-01-09,66994.42,inactive
EMP-00511,Lily,Davis,lily.davis511@example.com,DEPT-SUP,EMP-00907,2025-05-21,105740.82,active
EMP-00512,Lily,Jackson,lily.jackson512@example.com,DEPT-ENG,EMP-01973,2018-01-18,75324.96,active
EMP-00513,Mason,Adams,mason.adams513@example.com,DEPT-PPL,EMP-00960,2019-07-17,39499.75,inactive
EMP-00514,Zoe,Rodriguez,zoe.rodriguez514@example.com,DEPT-SUP,EMP-01217,2020-03-21,97097.53,inactive
EMP-00515,Ava,Harris,ava.harris515@example.com,DEPT-PPL,EMP-00572,2016-04-13,48030.77,active
EMP-00516,Grace,Lewis,grace.lewis516@example.com,DEPT-FIN,EMP-00683,2016-04-27,94318.26,active
EMP-00517,Emily,Thomas,emily.thomas517@example.com,DEPT-LEG,EMP-01771,2022-09-26,39887.13,active
EMP-00518,Mia,Allen,mia.allen518@example.com,DEPT-FIN,EMP-00132,2019-10-23,43961.35,terminated
EMP-00519,Lily,Brown,lily.brown519@example.com,DEPT-PPL,EMP-01254,2017-01-15,32672.27,active
EMP-00520,Nora,Harris,nora.harris520@example.com,DEPT-SAL,EMP-01911,2017-02-06,43363.48,active
EMP-00521,Harper,White,harper.white521@example.com,DEPT-SUP,EMP-00662,2018-12-16,69425.70,active
EMP-00522,Harper,Allen,harper.allen522@example.com,DEPT-SUP,EMP-01477,2022-04-27,51294.18,active
EMP-00523,Hazel,Perez,hazel.perez523@example.com,DEPT-PPL,EMP-00996,2022-11-03,93549.56,inactive
EMP-00524,Noah,Martin,noah.martin524@example.com,DEPT-OPS,EMP-01689,2023-06-17,110364.00,inactive
EMP-00525,Abigail,Wilson,abigail.wilson525@example.com,DEPT-ENG,EMP-01094,2025-07-19,56753.10,active
EMP-00526,Hazel,Perez,hazel.perez526@example.com,DEPT-PPL,EMP-01255,2025-09-02,114227.98,active
EMP-00527,Liam,Brown,liam.brown527@example.com,DEPT-FIN,EMP-00683,2021-02-02,67007.59,active
EMP-00528,Liam,Wright,liam.wright528@example.com,DEPT-LEG,EMP-01491,2019-02-05,42235.63,active
EMP-00529,Daniel,Brown,daniel.brown529@example.com,DEPT-PPL,EMP-00996,2025-03-20,119696.56,active
EMP-00530,Owen,Thompson,owen.thompson530@example.com,DEPT-LEG,EMP-00107,2022-07-11,30616.97,active
EMP-00531,Ethan,Walker,ethan.walker531@example.com,DEPT-OPS,EMP-01689,2020-07-28,75699.30,active
EMP-00532,Evelyn,Wilson,evelyn.wilson532@example.com,DEPT-MKT,EMP-01359,2020-06-22,110744.71,active
EMP-00533,Aiden,Flores,aiden.flores533@example.com,DEPT-PPL,EMP-00277,2021-08-23,75192.57,active
EMP-00534,Lucas,Lee,lucas.lee534@example.com,DEPT-OPS,EMP-01472,2020-10-15,84704.48,active
EMP-00535,Jack,Green,jack.green535@example.com,DEPT-MKT,EMP-01359,2019-06-23,38578.21,inactive
EMP-00536,Benjamin,Wilson,benjamin.wilson536@example.com,DEPT-ENG,EMP-01197,2023-08-09,117150.43,active
EMP-00537,Noah,Martinez,noah.martinez537@example.com,DEPT-SAL,EMP-01662,2021-10-21,73260.02,active
EMP-00538,Leo,Johnson,leo.johnson538@example.com,DEPT-SUP,EMP-01217,2025-09-24,111439.29,active
EMP-00539,Mia,King,mia.king539@example.com,DEPT-SAL,EMP-01433,2017-09-26,114967.45,active
EMP-00540,Sam,Rodriguez,sam.rodriguez540@example.com,DEPT-LEG,EMP-01646,2018-09-07,71004.15,active
EMP-00541,Mason,Adams,mason.adams541@example.com,DEPT-SUP,EMP-01477,2019-05-10,76032.50,active
EMP-00542,Mia,Jackson,mia.jackson542@example.com,DEPT-MKT,EMP-00255,2021-03-17,40447.06,inactive
EMP-00543,Lily,Walker,lily.walker543@example.com,DEPT-ENG,EMP-01197,2025-05-18,96784.14,terminated
EMP-00544,Emily,Sanchez,emily.sanchez544@example.com,DEPT-MKT,EMP-01444,2018-01-22,49307.12,active
EMP-00545,Sophia,Walker,sophia.walker545@example.com,DEPT-MKT,EMP-01594,2020-10-04,32756.68,active
EMP-00546,Sam,White,sam.white546@example.com,DEPT-LEG,EMP-00063,2025-10-03,54732.44,inactive
EMP-00547,Victoria,Rodriguez,victoria.rodriguez547@example.com,DEPT-ENG,EMP-01504,2020-05-13,100855.64,active
EMP-00548,Mason,Miller,mason.miller548@example.com,DEPT-ENG,EMP-01170,2018-12-08,108978.28,active
EMP-00549,Aria,Anderson,aria.anderson549@example.com,DEPT-PPL,EMP-00277,2020-06-01,78657.38,active
EMP-00550,Aiden,Martinez,aiden.martinez550@example.com,DEPT-OPS,EMP-01689,2018-04-26,105820.37,active
EMP-00551,Nathan,Davis,nathan.davis551@example.com,DEPT-SAL,EMP-00664,2020-11-01,88128.24,active
EMP-00552,Aiden,Martinez,aiden.martinez552@example.com,DEPT-SAL,EMP-01911,2025-11-10,89189.10,active
EMP-00553,Oliver,Adams,oliver.adams553@example.com,DEPT-SAL,EMP-00295,2018-06-09,103173.00,terminated
EMP-00554,Hazel,Adams,hazel.adams554@example.com,DEPT-SAL,EMP-00879,2020-11-22,89015.30,active
EMP-00555,Owen,Taylor,owen.taylor555@example.com,DEPT-PPL,EMP-00960,2021-03-11,39884.11,active
EMP-00556,Emma,Rodriguez,emma.rodriguez556@example.com,DEPT-MKT,EMP-01594,2019-07-06,64451.48,terminated
EMP-00557,Noah,White,noah.white557@example.com,DEPT-FIN,EMP-00700,2025-10-12,95216.38,active
EMP-00558,Liam,Brown,liam.brown558@example.com,DEPT-SUP,EMP-00907,2020-12-21,59552.80,active
EMP-00559,Lucas,Taylor,lucas.taylor559@example.com,DEPT-LEG,EMP-00482,2017-11-27,51443.28,active
EMP-00560,Noah,Thomas,noah.thomas560@example.com,DEPT-PPL,EMP-00960,2021-03-20,69550.04,active
EMP-00561,Scarlett,Ramirez,scarlett.ramirez561@example.com,DEPT-LEG,EMP-00107,2021-12-12,109132.03,active
EMP-00562,Owen,Martin,owen.martin562@example.com,DEPT-LEG,EMP-00107,2018-04-11,60982.49,active
EMP-00563,Aiden,White,aiden.white563@example.com,DEPT-OPS,EMP-01886,2019-12-26,88765.22,terminated
EMP-00564,Lucas,Martin,lucas.martin564@example.com,DEPT-FIN,EMP-01648,2017-06-06,67443.35,active
EMP-00565,Mia,Walker,mia.walker565@example.com,DEPT-LEG,EMP-00031,2020-01-11,105428.75,active
EMP-00566,Scarlett,Walker,scarlett.walker566@example.com,DEPT-SUP,EMP-00907,2019-08-23,119591.40,active
EMP-00567,Nora,Sanchez,nora.sanchez567@example.com,DEPT-SAL,EMP-01433,2020-03-05,115854.60,inactive
EMP-00568,Theo,Rodriguez,theo.rodriguez568@example.com,DEPT-PPL,EMP-00960,2022-05-22,118664.15,terminated
EMP-00569,Benjamin,Sanchez,benjamin.sanchez569@example.com,DEPT-ENG,EMP-01770,2021-08-12,117280.80,active
EMP-00570,Noah,Clark,noah.clark570@example.com,DEPT-SUP,EMP-00870,2018-09-09,59143.19,terminated
EMP-00571,Hazel,Garcia,hazel.garcia571@example.com,DEPT-LEG,EMP-01592,2023-05-28,97298.56,active
EMP-00572,Benjamin,Smith,benjamin.smith572@example.com,DEPT-PPL,,2021-06-23,119013.63,active
EMP-00573,Layla,Hill,layla.hill573@example.com,DEPT-SUP,EMP-01477,2018-02-02,83658.85,inactive
EMP-00574,Sophia,Jackson,sophia.jackson574@example.com,DEPT-SAL,EMP-01433,2022-09-18,56421.16,active
EMP-00575,Nora,Rodriguez,nora.rodriguez575@example.com,DEPT-FIN,EMP-00132,2023-10-19,53189.50,inactive
EMP-00576,Chloe,Martinez,chloe.martinez576@example.com,DEPT-SUP,EMP-01073,2025-10-27,65080.50,terminated
EMP-00577,Nathan,Martinez,nathan.martinez577@example.com,DEPT-ENG,EMP-01170,2023-04-16,78239.92,terminated
EMP-00578,Mason,Taylor,mason.taylor578@example.com,DEPT-ENG,EMP-01094,2016-07-19,68395.55,inactive
EMP-00579,Noah,Torres,noah.torres579@example.com,DEPT-MKT,EMP-01594,2021-07-27,86764.00,active
EMP-00580,Aiden,Garcia,aiden.garcia580@example.com,DEPT-OPS,EMP-01472,2018-01-16,55806.54,active
EMP-00581,Emily,Wright,emily.wright581@example.com,DEPT-PPL,EMP-01254,2016-09-01,101631.01,active
EMP-00582,Emily,Jackson,emily.jackson582@example.com,DEPT-FIN,,2022-09-09,76925.23,active
EMP-00583,Noah,Young,noah.young583@example.com,DEPT-SAL,EMP-01668,2022-04-14,33484.90,terminated
EMP-00584,Ella,Anderson,ella.anderson584@example.com,DEPT-SAL,EMP-01668,2024-12-07,63315.36,active
EMP-00585,Benjamin,Brown,benjamin.brown585@example.com,DEPT-SUP,EMP-00432,2018-04-15,77650.04,inactive
EMP-00586,Jack,Jones,jack.jones586@example.com,DEPT-MKT,EMP-00334,2021-02-12,67903.94,active
EMP-00587,Benjamin,Allen,benjamin.allen587@example.com,DEPT-MKT,EMP-00334,2025-03-06,110226.37,active
EMP-00588,Jack,Lee,jack.lee588@example.com,DEPT-ENG,EMP-00479,2022-04-24,75280.18,active
EMP-00589,James,Ramirez,james.ramirez589@example.com,DEPT-OPS,EMP-00408,2021-02-17,56964.33,active
EMP-00590,Harper,Robinson,harper.robinson590@example.com,DEPT-MKT,EMP-01594,2025-10-17,108374.59,active
EMP-00591,Zoe,Brown,zoe.brown591@example.com,DEPT-MKT,EMP-00255,2018-11-12,89041.07,active
EMP-00592,Nora,Thompson,nora.thompson592@example.com,DEPT-PPL,,2021-01-11,112325.00,inactive
EMP-00593,Nathan,Garcia,nathan.garcia593@example.com,DEPT-ENG,EMP-01197,2016-12-08,115842.45,active
EMP-00594,Jack,Ramirez,jack.ramirez594@example.com,DEPT-PPL,EMP-01254,2020-09-13,102801.01,inactive
EMP-00595,Aiden,Young,aiden.young595@example.com,DEPT-FIN,EMP-01340,2025-06-09,95867.13,active
EMP-00596,Abigail,Torres,abigail.torres596@example.com,DEPT-OPS,EMP-00076,2021-06-05,73107.21,active
EMP-00597,Mason,Adams,mason.adams597@example.com,DEPT-MKT,EMP-00334,2016-03-14,71749.01,terminated
EMP-00598,Daniel,Smith,daniel.smith598@example.com,DEPT-PPL,EMP-00996,2016-12-28,79102.89,active
EMP-00599,Owen,Torres,owen.torres599@example.com,DEPT-MKT,EMP-01594,2016-04-26,50248.88,active
EMP-00600,Oliver,Brown,oliver.brown600@example.com,DEPT-SUP,EMP-00432,2023-02-12,59895.68,inactive
EMP-00601,Owen,Garcia,owen.garcia601@example.com,DEPT-OPS,EMP-01886,2023-06-11,62711.21,active
EMP-00602,James,Ramirez,james.ramirez602@example.com,DEPT-PPL,EMP-00277,2022-11-25,102711.03,inactive
EMP-00603,Oliver,Flores,oliver.flores603@example.com,DEPT-FIN,,2018-02-22,87590.86,active
EMP-00604,Benjamin,Williams,benjamin.williams604@example.com,DEPT-SAL,EMP-01668,2023-08-18,59016.88,active
EMP-00605,Abigail,Garcia,abigail.garcia605@example.com,DEPT-LEG,EMP-01592,2017-01-12,95356.36,active
EMP-00606,Nathan,Rodriguez,nathan.rodriguez606@example.com,DEPT-SAL,EMP-00664,2017-11-21,102464.73,active
EMP-00607,Mia,Lewis,mia.lewis607@example.com,DEPT-ENG,EMP-00479,2023-12-24,104865.20,active
EMP-00608,Elijah,Sanchez,elijah.sanchez608@example.com,DEPT-SAL,EMP-01662,2023-12-13,75241.30,active
EMP-00609,Isaac,Jones,isaac.jones609@example.com,DEPT-OPS,EMP-01221,2017-04-19,108914.55,terminated
EMP-00610,Ella,Davis,ella.davis610@example.com,DEPT-SUP,EMP-00662,2017-12-19,37866.59,active
EMP-00611,Aria,Smith,aria.smith611@example.com,DEPT-OPS,EMP-00339,2019-01-06,55571.19,active
EMP-00612,Owen,Young,owen.young612@example.com,DEPT-MKT,EMP-00255,2020-07-09,49277.60,active
EMP-00613,Scarlett,Green,scarlett.green613@example.com,DEPT-PPL,EMP-00277,2020-03-23,69918.91,active
EMP-00614,Sam,Jackson,sam.jackson614@example.com,DEPT-OPS,EMP-01886,2017-10-15,85575.73,active
EMP-00615,Amelia,Taylor,amelia.taylor615@example.com,DEPT-FIN,EMP-01340,2017-02-25,60447.41,active
EMP-00616,Aria,Clark,aria.clark616@example.com,DEPT-FIN,EMP-00683,2017-12-19,45800.68,active
EMP-00617,Hazel,Brown,hazel.brown617@example.com,DEPT-SAL,EMP-01704,2020-02-07,82578.10,active
EMP-00618,Harper,Scott,harper.scott618@example.com,DEPT-LEG,EMP-01646,2018-08-18,98517.09,terminated
EMP-00619,Emma,Anderson,emma.anderson619@example.com,DEPT-OPS,EMP-00990,2016-09-02,84515.21,active
EMP-00620,Ella,Allen,ella.allen620@example.com,DEPT-SUP,EMP-01477,2025-11-05,112948.41,active
EMP-00621,Emily,Miller,emily.miller621@example.com,DEPT-ENG,EMP-00326,2019-12-28,87866.48,active
EMP-00622,Amelia,Flores,amelia.flores622@example.com,DEPT-MKT,EMP-01444,2017-03-03,57128.57,active
EMP-00623,Scarlett,Lewis,scarlett.lewis623@example.com,DEPT-ENG,EMP-01170,2023-12-24,51295.07,active
EMP-00624,Lily,Scott,lily.scott624@example.com,DEPT-MKT,EMP-00255,2018-05-17,114959.40,active
EMP-00625,Daniel,Moore,daniel.moore625@example.com,DEPT-MKT,EMP-01444,2023-06-20,75020.24,inactive
EMP-00626,Mason,Perez,mason.perez626@example.com,DEPT-MKT,EMP-01359,2018-12-22,30738.73,active
EMP-00627,Grace,Sanchez,grace.sanchez627@example.com,DEPT-PPL,EMP-00787,2018-11-22,58939.02,active
EMP-00628,Zoe,Rodriguez,zoe.rodriguez628@example.com,DEPT-OPS,EMP-01067,2021-02-21,36994.15,inactive
EMP-00629,Jack,Allen,jack.allen629@example.com,DEPT-SUP,EMP-01217,2025-11-08,47727.49,active
EMP-00630,Grace,Allen,grace.allen630@example.com,DEPT-MKT,EMP-01594,2017-11-05,79502.11,active
EMP-00631,Zoe,Martin,zoe.martin631@example.com,DEPT-SUP,EMP-00662,2017-01-23,37466.40,active
EMP-00632,Nathan,Anderson,nathan.anderson632@example.com,DEPT-PPL,EMP-01801,2017-04-03,39167.21,active
EMP-00633,Aria,Robinson,aria.robinson633@example.com,DEPT-ENG,EMP-01504,2023-05-08,82106.22,active
EMP-00634,Aria,Ramirez,aria.ramirez634@example.com,DEPT-LEG,EMP-01726,2024-06-14,41993.39,inactive
EMP-00635,Isaac,Thomas,isaac.thomas635@example.com,DEPT-PPL,EMP-00960,2016-02-11,96622.06,active
EMP-00636,Lucas,Williams,lucas.williams636@example.com,DEPT-LEG,EMP-01592,2019-10-24,101176.68,terminated
EMP-00637,Jack,Robinson,jack.robinson637@example.com,DEPT-ENG,EMP-01197,2016-01-26,47229.71,inactive
EMP-00638,Ava,Rodriguez,ava.rodriguez638@example.com,DEPT-LEG,EMP-00107,2019-06-03,98462.11,active
EMP-00639,Owen,Thompson,owen.thompson639@example.com,DEPT-LEG,EMP-00031,2017-12-21,91489.70,inactive
EMP-00640,Theo,Thomas,theo.thomas640@example.com,DEPT-ENG,EMP-00479,2024-01-21,76008.21,active
EMP-00641,Harper,Lee,harper.lee641@example.com,DEPT-OPS,EMP-01472,2024-11-28,88972.56,active
EMP-00642,Mia,Rodriguez,mia.rodriguez642@example.com,DEPT-PPL,EMP-00996,2021-02-09,33315.06,active
EMP-00643,Jack,Allen,jack.allen643@example.com,DEPT-ENG,EMP-01170,2025-07-05,95836.01,active
EMP-00644,James,Clark,james.clark644@example.com,DEPT-OPS,EMP-00735,2025-11-05,69326.02,terminated
EMP-00645,Layla,Young,layla.young645@example.com,DEPT-FIN,,2022-11-16,84305.28,active
EMP-00646,Victoria,Hill,victoria.hill646@example.com,DEPT-LEG,EMP-00107,2022-05-04,33224.57,active
EMP-00647,Owen,Johnson,owen.johnson647@example.com,DEPT-SAL,EMP-01662,2019-05-28,34842.59,inactive
EMP-00648,Matthew,Nelson,matthew.nelson648@example.com,DEPT-ENG,EMP-00326,2025-03-20,48426.95,inactive
EMP-00649,Elijah,Garcia,elijah.garcia649@example.com,DEPT-OPS,EMP-00018,2022-10-18,40562.63,active
EMP-00650,Theo,Walker,theo.walker650@example.com,DEPT-PPL,EMP-00277,2023-07-19,85068.45,active
EMP-00651,Isaac,Jones,isaac.jones651@example.com,DEPT-MKT,EMP-00255,2016-06-01,83935.43,active
EMP-00652,Emily,Miller,emily.miller652@example.com,DEPT-SAL,EMP-01704,2020-06-12,99981.89,inactive
EMP-00653,Scarlett,Scott,scarlett.scott653@example.com,DEPT-SAL,EMP-01662,2023-07-24,67202.45,active
EMP-00654,Theo,Garcia,theo.garcia654@example.com,DEPT-LEG,EMP-01726,2019-04-01,112017.68,active
EMP-00655,Chloe,Jackson,chloe.jackson655@example.com,DEPT-SAL,EMP-01186,2024-08-10,112068.17,terminated
EMP-00656,James,Davis,james.davis656@example.com,DEPT-SAL,EMP-01257,2019-01-27,81200.26,inactive
EMP-00657,Ella,Lee,ella.lee657@example.com,DEPT-OPS,EMP-01806,2022-04-04,118318.46,terminated
EMP-00658,Liam,Torres,liam.torres658@example.com,DEPT-FIN,EMP-00582,2021-09-18,31213.95,active
EMP-00659,Sam,Scott,sam.scott659@example.com,DEPT-MKT,EMP-00255,2024-10-24,91874.70,active
EMP-00660,Jack,Smith,jack.smith660@example.com,DEPT-PPL,EMP-00960,2025-03-10,31180.93,active
EMP-00661,Aiden,Green,aiden.green661@example.com,DEPT-PPL,EMP-01254,2019-04-10,39946.96,inactive
EMP-00662,Emily,Torres,emily.torres662@example.com,DEPT-SUP,,2022-12-25,105623.02,active
EMP-00663,Owen,Jones,owen.jones663@example.com,DEPT-PPL,EMP-00277,2024-05-06,37698.30,inactive
EMP-00664,Liam,Clark,liam.clark664@example.com,DEPT-SAL,,2024-07-04,43511.97,active
EMP-00665,Daniel,Anderson,daniel.anderson665@example.com,DEPT-OPS,EMP-00339,2019-12-02,114047.29,terminated
EMP-00666,Jack,Smith,jack.smith666@example.com,DEPT-OPS,EMP-01886,2021-09-19,33298.46,active
EMP-00667,Amelia,Allen,amelia.allen667@example.com,DEPT-MKT,EMP-00255,2022-07-18,102050.27,active
EMP-00668,Zoe,Young,zoe.young668@example.com,DEPT-MKT,EMP-00334,2019-12-13,90207.17,terminated
EMP-00669,Victoria,Martin,victoria.martin669@example.com,DEPT-FIN,EMP-01576,2019-06-02,98436.06,active
EMP-00670,Emma,Jackson,emma.jackson670@example.com,DEPT-OPS,EMP-00408,2021-07-26,53112.14,terminated
EMP-00671,Scarlett,Scott,scarlett.scott671@example.com,DEPT-LEG,EMP-01592,2018-01-09,117372.06,active
EMP-00672,Daniel,Clark,daniel.clark672@example.com,DEPT-ENG,EMP-01770,2020-07-09,98140.87,active
EMP-00673,Ella,Taylor,ella.taylor673@example.com,DEPT-OPS,EMP-01806,2025-07-10,81188.83,terminated
EMP-00674,Oliver,Scott,oliver.scott674@example.com,DEPT-FIN,EMP-00132,2022-02-28,52165.40,terminated
EMP-00675,Sophia,Allen,sophia.allen675@example.com,DEPT-SUP,EMP-00907,2024-08-10,50985.01,active
EMP-00676,Nora,Robinson,nora.robinson676@example.com,DEPT-OPS,,2018-07-18,88923.46,terminated
EMP-00677,Grace,Wilson,grace.wilson677@example.com,DEPT-OPS,EMP-01689,2023-02-23,51047.95,active
EMP-00678,Lily,Miller,lily.miller678@example.com,DEPT-FIN,EMP-00603,2020-03-05,50795.77,active
EMP-00679,Abigail,Nelson,abigail.nelson679@example.com,DEPT-OPS,,2023-08-16,40710.02,terminated
EMP-00680,Henry,King,henry.king680@example.com,DEPT-SUP,EMP-00662,2021-04-20,69290.34,inactive
EMP-00681,Noah,Davis,noah.davis681@example.com,DEPT-ENG,EMP-01170,2019-04-26,49535.34,active
EMP-00682,Mason,Perez,mason.perez682@example.com,DEPT-LEG,EMP-00107,2021-06-04,63906.19,active
EMP-00683,Nora,King,nora.king683@example.com,DEPT-FIN,,2022-01-24,92978.60,active
EMP-00684,Amelia,Young,amelia.young684@example.com,DEPT-ENG,EMP-01973,2022-09-12,55491.51,active
EMP-00685,Liam,Nguyen,liam.nguyen685@example.com,DEPT-MKT,EMP-01444,2024-08-21,90043.11,active
EMP-00686,Ella,Taylor,ella.taylor686@example.com,DEPT-SAL,EMP-01612,2017-05-11,94120.03,active
EMP-00687,Aiden,King,aiden.king687@example.com,DEPT-OPS,EMP-01782,2019-05-09,32630.65,inactive
EMP-00688,Theo,Lee,theo.lee688@example.com,DEPT-OPS,EMP-01689,2025-04-21,104906.88,active
EMP-00689,Abigail,Taylor,abigail.taylor689@example.com,DEPT-SAL,EMP-01612,2022-02-06,88134.06,active
EMP-00690,Ava,Martin,ava.martin690@example.com,DEPT-SAL,EMP-00664,2022-05-04,99608.84,active
EMP-00691,Matthew,Wright,matthew.wright691@example.com,DEPT-FIN,EMP-00603,2018-09-28,67850.30,active
EMP-00692,Amelia,Williams,amelia.williams692@example.com,DEPT-FIN,EMP-00132,2018-08-08,45754.47,active
EMP-00693,Layla,Lee,layla.lee693@example.com,DEPT-SUP,,2019-05-08,49908.95,active
EMP-00694,Liam,Adams,liam.adams694@example.com,DEPT-LEG,EMP-00063,2020-02-06,110483.26,active
EMP-00695,Sophia,Davis,sophia.davis695@example.com,DEPT-FIN,EMP-00582,2020-03-24,92383.36,active
EMP-00696,Liam,Anderson,liam.anderson696@example.com,DEPT-ENG,EMP-01197,2017-11-15,117774.06,active
EMP-00697,Lucas,Scott,lucas.scott697@example.com,DEPT-SUP,EMP-00432,2020-11-01,50145.61,active
EMP-00698,Sophia,Perez,sophia.perez698@example.com,DEPT-SAL,EMP-01662,2018-04-05,85666.75,active
EMP-00699,Aiden,Martin,aiden.martin699@example.com,DEPT-PPL,EMP-01255,2016-09-08,59079.75,active
EMP-00700,Amelia,Torres,amelia.torres700@example.com,DEPT-FIN,,2025-12-08,117310.07,active
EMP-00701,Owen,Thompson,owen.thompson701@example.com,DEPT-LEG,EMP-00031,2018-02-13,89788.33,active
EMP-00702,Aiden,Lewis,aiden.lewis702@example.com,DEPT-LEG,EMP-01646,2018-07-26,116836.49,active
EMP-00703,Isaac,Walker,isaac.walker703@example.com,DEPT-SAL,EMP-01186,2022-05-07,78737.33,active
EMP-00704,Owen,Moore,owen.moore704@example.com,DEPT-MKT,EMP-00255,2025-04-07,51227.53,inactive
EMP-00705,Ava,Robinson,ava.robinson705@example.com,DEPT-SAL,EMP-01911,2025-11-16,65329.69,active
EMP-00706,Chloe,Allen,chloe.allen706@example.com,DEPT-OPS,EMP-01221,2019-10-07,106996.87,terminated
EMP-00707,Chloe,Thompson,chloe.thompson707@example.com,DEPT-SUP,EMP-00870,2025-08-21,42955.83,active
EMP-00708,Ella,Thomas,ella.thomas708@example.com,DEPT-ENG,EMP-01170,2018-09-19,37019.35,active
EMP-00709,Mason,Nguyen,mason.nguyen709@example.com,DEPT-MKT,EMP-00255,2017-05-24,78295.54,terminated
EMP-00710,Mason,Allen,mason.allen710@example.com,DEPT-FIN,EMP-00582,2024-03-15,63545.37,inactive
EMP-00711,Owen,Flores,owen.flores711@example.com,DEPT-SUP,EMP-00662,2018-12-20,58345.85,inactive
EMP-00712,Emily,Sanchez,emily.sanchez712@example.com,DEPT-SUP,EMP-00693,2018-03-15,56282.20,active
EMP-00713,Owen,Moore,owen.moore713@example.com,DEPT-PPL,EMP-01801,2024-08-07,35973.14,inactive
EMP-00714,Isaac,Smith,isaac.smith714@example.com,DEPT-SUP,EMP-01073,2021-10-10,110633.61,active
EMP-00715,Oliver,Williams,oliver.williams715@example.com,DEPT-ENG,EMP-01094,2022-05-25,100614.97,active
EMP-00716,Elijah,Sanchez,elijah.sanchez716@example.com,DEPT-ENG,EMP-01973,2025-03-12,67678.21,active
EMP-00717,Theo,Perez,theo.perez717@example.com,DEPT-SAL,EMP-01704,2016-05-24,99790.51,active
EMP-00718,Leo,Young,leo.young718@example.com,DEPT-ENG,EMP-01770,2018-02-01,100546.45,terminated
EMP-00719,Liam,Williams,liam.williams719@example.com,DEPT-SAL,EMP-00879,2019-02-01,81540.99,active
EMP-00720,Leo,Smith,leo.smith720@example.com,DEPT-MKT,EMP-01444,2024-06-12,36842.06,active
EMP-00721,Emily,Nguyen,emily.nguyen721@example.com,DEPT-LEG,EMP-01771,2019-11-10,37020.61,inactive
EMP-00722,Grace,White,grace.white722@example.com,DEPT-LEG,EMP-01726,2016-08-24,109966.93,active
EMP-00723,Abigail,Rodriguez,abigail.rodriguez723@example.com,DEPT-SUP,EMP-00662,2024-12-11,52219.61,active
EMP-00724,Hazel,Thompson,hazel.thompson724@example.com,DEPT-SUP,EMP-00432,2024-11-04,79948.64,terminated
EMP-00725,Victoria,Flores,victoria.flores725@example.com,DEPT-OPS,EMP-01472,2023-03-02,46476.99,active
EMP-00726,Emma,Thompson,emma.thompson726@example.com,DEPT-SUP,EMP-00907,2019-11-28,76574.99,terminated
EMP-00727,Elijah,Jackson,elijah.jackson727@example.com,DEPT-ENG,EMP-00326,2020-06-16,109479.64,active
EMP-00728,Noah,Robinson,noah.robinson728@example.com,DEPT-MKT,EMP-00255,2018-07-13,78611.18,terminated
EMP-00729,Elijah,Williams,elijah.williams729@example.com,DEPT-MKT,EMP-00255,2024-07-06,110919.47,active
EMP-00730,Zoe,Nelson,zoe.nelson730@example.com,DEPT-SAL,EMP-01433,2023-05-18,71658.61,inactive
EMP-00731,Ella,Anderson,ella.anderson731@example.com,DEPT-PPL,EMP-00592,2025-12-20,42923.39,inactive
EMP-00732,Ava,Rodriguez,ava.rodriguez732@example.com,DEPT-LEG,EMP-01726,2017-09-15,113603.89,active
EMP-00733,Leo,King,leo.king733@example.com,DEPT-LEG,EMP-01592,2017-06-08,99516.77,active
EMP-00734,Lucas,King,lucas.king734@example.com,DEPT-LEG,EMP-00063,2022-10-09,76810.53,active
EMP-00735,Isaac,Martinez,isaac.martinez735@example.com,DEPT-OPS,,2019-01-08,92578.55,inactive
EMP-00736,Harper,Wright,harper.wright736@example.com,DEPT-MKT,EMP-01594,2017-10-26,111162.37,active
EMP-00737,Ava,Wilson,ava.wilson737@example.com,DEPT-LEG,EMP-00063,2023-12-12,74535.22,active
EMP-00738,Owen,Brown,owen.brown738@example.com,DEPT-OPS,EMP-00676,2025-01-26,66252.16,active
EMP-00739,Noah,Perez,noah.perez739@example.com,DEPT-ENG,EMP-00479,2017-09-08,52695.27,active
EMP-00740,Harper,Martinez,harper.martinez740@example.com,DEPT-SUP,EMP-01217,2019-11-15,84286.65,active
EMP-00741,Hazel,Jackson,hazel.jackson741@example.com,DEPT-SAL,EMP-01257,2025-06-04,117712.30,inactive
EMP-00742,Sophia,Nelson,sophia.nelson742@example.com,DEPT-SUP,EMP-00693,2023-04-14,94604.14,active
EMP-00743,Ethan,Robinson,ethan.robinson743@example.com,DEPT-SUP,EMP-00693,2019-06-14,75847.18,inactive
EMP-00744,James,Smith,james.smith744@example.com,DEPT-FIN,EMP-01518,2024-01-18,30052.90,inactive
EMP-00745,Ella,Sanchez,ella.sanchez745@example.com,DEPT-OPS,EMP-01689,2023-04-25,100359.07,active
EMP-00746,Matthew,Lewis,matthew.lewis746@example.com,DEPT-MKT,EMP-01594,2019-11-18,65963.43,terminated
EMP-00747,Emily,Adams,emily.adams747@example.com,DEPT-MKT,EMP-01359,2021-11-22,36397.93,active
EMP-00748,Daniel,Adams,daniel.adams748@example.com,DEPT-FIN,EMP-00603,2017-05-19,73377.26,active
EMP-00749,Mia,Perez,mia.perez749@example.com,DEPT-OPS,EMP-01886,2017-06-17,39167.19,active
EMP-00750,Oliver,Anderson,oliver.anderson750@example.com,DEPT-FIN,EMP-00645,2020-05-12,49739.63,inactive
EMP-00751,Henry,Torres,henry.torres751@example.com,DEPT-FIN,EMP-00603,2023-05-25,113456.87,active
EMP-00752,Zoe,Anderson,zoe.anderson752@example.com,DEPT-PPL,EMP-01255,2020-02-23,111269.98,active
EMP-00753,Leo,Davis,leo.davis753@example.com,DEPT-FIN,EMP-00683,2022-02-06,61505.41,active
EMP-00754,Nathan,Lewis,nathan.lewis754@example.com,DEPT-PPL,EMP-00572,2018-04-09,67555.65,inactive
EMP-00755,Ava,Anderson,ava.anderson755@example.com,DEPT-ENG,EMP-01770,2022-11-19,78406.25,active
EMP-00756,Isaac,Allen,isaac.allen756@example.com,DEPT-SUP,EMP-00693,2017-11-04,40314.16,terminated
EMP-00757,Grace,Johnson,grace.johnson757@example.com,DEPT-MKT,EMP-01359,2025-01-24,61698.88,inactive
EMP-00758,Lucas,Flores,lucas.flores758@example.com,DEPT-MKT,EMP-01359,2025-02-16,57506.66,active
EMP-00759,Jack,Williams,jack.williams759@example.com,DEPT-SAL,EMP-01662,2018-01-24,71189.08,active
EMP-00760,Hazel,Brown,hazel.brown760@example.com,DEPT-OPS,EMP-00735,2025-04-09,43243.13,inactive
EMP-00761,Chloe,Lee,chloe.lee761@example.com,DEPT-FIN,EMP-01518,2025-04-02,60871.61,terminated
EMP-00762,Scarlett,Hill,scarlett.hill762@example.com,DEPT-LEG,EMP-01491,2022-12-26,57888.20,inactive
EMP-00763,Mason,Brown,mason.brown763@example.com,DEPT-ENG,EMP-00326,2019-11-06,85386.31,active
EMP-00764,Jack,Wilson,jack.wilson764@example.com,DEPT-SAL,EMP-00664,2016-04-28,56241.04,terminated
EMP-00765,Lily,Moore,lily.moore765@example.com,DEPT-PPL,EMP-00787,2018-06-10,58652.45,active
EMP-00766,Abigail,Miller,abigail.miller766@example.com,DEPT-PPL,EMP-01801,2018-09-18,44591.77,active
EMP-00767,Layla,Flores,layla.flores767@example.com,DEPT-PPL,EMP-00277,2022-05-08,116448.95,active
EMP-00768,Nora,Smith,nora.smith768@example.com,DEPT-LEG,EMP-01592,2020-05-09,74638.05,terminated
EMP-00769,Harper,Smith,harper.smith769@example.com,DEPT-SAL,EMP-00879,2022-05-22,75481.21,active
EMP-00770,Abigail,Wright,abigail.wright770@example.com,DEPT-SUP,EMP-00907,2017-09-17,100080.67,inactive
EMP-00771,Sophia,Nelson,sophia.nelson771@example.com,DEPT-PPL,EMP-00787,2019-09-21,43239.48,active
EMP-00772,Mason,Green,mason.green772@example.com,DEPT-MKT,EMP-01444,2019-01-04,112910.23,active
EMP-00773,Victoria,Young,victoria.young773@example.com,DEPT-ENG,EMP-01094,2020-05-28,112900.76,active
EMP-00774,Isaac,Allen,isaac.allen774@example.com,DEPT-LEG,EMP-00861,2019-02-27,73068.31,terminated
EMP-00775,Scarlett,Adams,scarlett.adams775@example.com,DEPT-PPL,EMP-01801,2021-12-19,60963.51,inactive
EMP-00776,Nora,Miller,nora.miller776@example.com,DEPT-SUP,EMP-00870,2016-08-14,40215.98,active
EMP-00777,Mia,Johnson,mia.johnson777@example.com,DEPT-ENG,EMP-01973,2017-08-18,104467.33,active
EMP-00778,Nathan,Scott,nathan.scott778@example.com,DEPT-PPL,EMP-00960,2017-01-27,57073.24,active
EMP-00779,Benjamin,Green,benjamin.green779@example.com,DEPT-MKT,EMP-00334,2022-06-23,77870.47,active
EMP-00780,Zoe,Davis,zoe.davis780@example.com,DEPT-LEG,EMP-01771,2021-12-07,44560.37,active
EMP-00781,Mason,Lee,mason.lee781@example.com,DEPT-MKT,EMP-01359,2016-12-02,39853.90,active
EMP-00782,Elijah,Harris,elijah.harris782@example.com,DEPT-SAL,EMP-01612,2016-11-20,90125.30,inactive
EMP-00783,Oliver,Torres,oliver.torres783@example.com,DEPT-OPS,EMP-00018,2022-09-08,91932.20,terminated
EMP-00784,Matthew,Miller,matthew.miller784@example.com,DEPT-SUP,EMP-00907,2025-06-09,30716.90,terminated
EMP-00785,Noah,Clark,noah.clark785@example.com,DEPT-ENG,EMP-01094,2025-04-16,98637.20,active
EMP-00786,Emily,Smith,emily.smith786@example.com,DEPT-SUP,EMP-01073,2019-02-08,79177.14,active
EMP-00787,Sam,Robinson,sam.robinson787@example.com,DEPT-PPL,,2025-02-04,98790.33,terminated
EMP-00788,Henry,Lee,henry.lee788@example.com,DEPT-LEG,EMP-01646,2021-08-21,78740.76,terminated
EMP-00789,Elijah,Allen,elijah.allen789@example.com,DEPT-FIN,EMP-01648,2024-12-13,46730.67,active
EMP-00790,Jack,Torres,jack.torres790@example.com,DEPT-MKT,EMP-00334,2018-06-05,51110.76,terminated
EMP-00791,Leo,Jones,leo.jones791@example.com,DEPT-SUP,EMP-01477,2025-11-01,68664.43,active
EMP-00792,Noah,Lewis,noah.lewis792@example.com,DEPT-MKT,EMP-01444,2024-02-07,40065.46,inactive
EMP-00793,Ava,Flores,ava.flores793@example.com,DEPT-ENG,EMP-00479,2022-05-26,85551.79,inactive
EMP-00794,Zoe,Davis,zoe.davis794@example.com,DEPT-SUP,EMP-01477,2016-01-12,33285.95,active
EMP-00795,Leo,Martin,leo.martin795@example.com,DEPT-SAL,EMP-01433,2021-03-19,75862.76,active
EMP-00796,Elijah,Davis,elijah.davis796@example.com,DEPT-PPL,EMP-00277,2024-05-02,34868.91,active
EMP-00797,Ethan,Robinson,ethan.robinson797@example.com,DEPT-SAL,EMP-01668,2017-05-07,59487.91,active
EMP-00798,Hazel,Anderson,hazel.anderson798@example.com,DEPT-LEG,EMP-00031,2021-04-05,56111.68,active
EMP-00799,Emma,Young,emma.young799@example.com,DEPT-SUP,EMP-00432,2023-10-02,54644.15,active
EMP-00800,Emily,Thompson,emily.thompson800@example.com,DEPT-LEG,EMP-01771,2025-10-12,91977.20,active
EMP-00801,Aiden,Perez,aiden.perez801@example.com,DEPT-SUP,EMP-00870,2022-04-10,91402.21,active
EMP-00802,Chloe,Robinson,chloe.robinson802@example.com,DEPT-SAL,EMP-01704,2016-12-11,62506.36,active
EMP-00803,Chloe,Perez,chloe.perez803@example.com,DEPT-FIN,EMP-00603,2019-10-16,75023.03,active
EMP-00804,Emily,Clark,emily.clark804@example.com,DEPT-ENG,EMP-00479,2018-10-25,42164.91,active
EMP-00805,Aria,Moore,aria.moore805@example.com,DEPT-SAL,EMP-00664,2025-07-17,84025.58,inactive
EMP-00806,Owen,Brown,owen.brown806@example.com,DEPT-FIN,EMP-00980,2024-10-20,113163.42,active
EMP-00807,Henry,Thomas,henry.thomas807@example.com,DEPT-SAL,EMP-01662,2020-09-10,67931.82,active
EMP-00808,Sophia,Ramirez,sophia.ramirez808@example.com,DEPT-LEG,EMP-00812,2021-12-22,42742.90,terminated
EMP-00809,James,Rodriguez,james.rodriguez809@example.com,DEPT-ENG,EMP-00326,2020-08-04,101245.42,active
EMP-00810,Theo,Moore,theo.moore810@example.com,DEPT-FIN,EMP-01648,2019-03-06,117816.63,active
EMP-00811,Nathan,Nguyen,nathan.nguyen811@example.com,DEPT-MKT,EMP-00334,2023-08-11,99326.12,active
EMP-00812,Emily,Harris,emily.harris812@example.com,DEPT-LEG,,2023-01-13,30882.63,active
EMP-00813,Emily,Martinez,emily.martinez813@example.com,DEPT-OPS,EMP-01221,2022-04-16,39430.32,active
EMP-00814,Chloe,Clark,chloe.clark814@example.com,DEPT-FIN,EMP-00582,2024-10-28,87502.73,terminated
EMP-00815,Layla,Harris,layla.harris815@example.com,DEPT-PPL,EMP-00572,2020-06-14,102196.99,active
EMP-00816,Theo,Ramirez,theo.ramirez816@example.com,DEPT-SUP,EMP-00662,2018-03-03,47042.62,active
EMP-00817,Henry,King,henry.king817@example.com,DEPT-ENG,EMP-01973,2021-04-25,111114.94,active
EMP-00818,Emma,Robinson,emma.robinson818@example.com,DEPT-OPS,EMP-00735,2025-11-19,57059.53,active
EMP-00819,Nathan,Martin,nathan.martin819@example.com,DEPT-SUP,EMP-01477,2021-12-01,67376.80,active
EMP-00820,Ava,Thompson,ava.thompson820@example.com,DEPT-SUP,EMP-00870,2019-04-28,85089.48,active
EMP-00821,Layla,Hill,layla.hill821@example.com,DEPT-LEG,EMP-00031,2024-11-16,116907.19,terminated
EMP-00822,Mason,Anderson,mason.anderson822@example.com,DEPT-MKT,EMP-00334,2023-03-12,48420.00,active
EMP-00823,Oliver,Williams,oliver.williams823@example.com,DEPT-FIN,EMP-00700,2021-10-12,70232.36,inactive
EMP-00824,Aria,Harris,aria.harris824@example.com,DEPT-ENG,EMP-01094,2025-10-22,115891.55,active
EMP-00825,Abigail,King,abigail.king825@example.com,DEPT-MKT,EMP-01594,2016-08-15,82763.95,active
EMP-00826,Grace,Jones,grace.jones826@example.com,DEPT-SAL,EMP-00664,2016-04-17,68954.37,active
EMP-00827,Abigail,Torres,abigail.torres827@example.com,DEPT-PPL,EMP-00592,2022-11-18,89532.57,active
EMP-00828,Elijah,Ramirez,elijah.ramirez828@example.com,DEPT-MKT,EMP-01444,2022-12-02,74154.24,inactive
EMP-00829,Victoria,Young,victoria.young829@example.com,DEPT-SUP,EMP-00907,2021-06-01,109215.46,active
EMP-00830,Evelyn,Walker,evelyn.walker830@example.com,DEPT-OPS,EMP-01567,2022-05-11,48935.40,inactive
EMP-00831,Theo,Thomas,theo.thomas831@example.com,DEPT-PPL,EMP-00996,2025-04-09,73306.10,terminated
EMP-00832,Victoria,Moore,victoria.moore832@example.com,DEPT-MKT,EMP-01444,2018-10-10,95396.67,inactive
EMP-00833,James,Walker,james.walker833@example.com,DEPT-OPS,EMP-00339,2019-11-01,96892.98,active
EMP-00834,Leo,Torres,leo.torres834@example.com,DEPT-ENG,EMP-01094,2022-06-25,115558.69,active
EMP-00835,Jack,Green,jack.green835@example.com,DEPT-ENG,EMP-01504,2018-11-03,101141.10,active
EMP-00836,Leo,Torres,leo.torres836@example.com,DEPT-SAL,EMP-01257,2020-12-19,111436.19,active
EMP-00837,Jack,Thompson,jack.thompson837@example.com,DEPT-PPL,EMP-01254,2022-09-02,92216.18,inactive
EMP-00838,James,Jackson,james.jackson838@example.com,DEPT-PPL,EMP-00996,2023-07-24,98258.90,inactive
EMP-00839,Aiden,Walker,aiden.walker839@example.com,DEPT-LEG,EMP-00031,2018-04-20,102237.83,inactive
EMP-00840,Evelyn,Allen,evelyn.allen840@example.com,DEPT-MKT,EMP-01594,2019-02-08,44329.95,active
EMP-00841,Lucas,Nelson,lucas.nelson841@example.com,DEPT-OPS,EMP-00076,2024-03-08,85116.30,terminated
EMP-00842,Hazel,Scott,hazel.scott842@example.com,DEPT-ENG,EMP-00326,2019-04-28,114270.93,inactive
EMP-00843,Jack,Walker,jack.walker843@example.com,DEPT-MKT,EMP-01594,2025-06-23,86733.43,active
EMP-00844,Benjamin,Robinson,benjamin.robinson844@example.com,DEPT-OPS,EMP-01472,2021-02-12,85667.42,active
EMP-00845,Sam,Wilson,sam.wilson845@example.com,DEPT-FIN,EMP-00980,2016-11-08,63687.39,active
EMP-00846,Sophia,Martin,sophia.martin846@example.com,DEPT-FIN,EMP-00645,2021-03-23,101728.93,inactive
EMP-00847,Sam,Rodriguez,sam.rodriguez847@example.com,DEPT-LEG,EMP-01592,2019-04-02,35509.61,terminated
EMP-00848,Owen,Flores,owen.flores848@example.com,DEPT-ENG,EMP-00326,2020-11-18,49926.65,inactive
EMP-00849,Scarlett,Martin,scarlett.martin849@example.com,DEPT-OPS,EMP-00408,2019-12-14,80239.68,active
EMP-00850,Theo,Clark,theo.clark850@example.com,DEPT-PPL,EMP-01801,2021-05-05,40119.69,active
EMP-00851,Chloe,Walker,chloe.walker851@example.com,DEPT-OPS,EMP-01472,2019-06-01,87436.25,active
EMP-00852,Grace,Wilson,grace.wilson852@example.com,DEPT-OPS,EMP-00486,2024-04-03,85362.80,active
EMP-00853,Ella,Brown,ella.brown853@example.com,DEPT-SUP,EMP-00662,2016-06-17,30209.45,active
EMP-00854,Harper,Nelson,harper.nelson854@example.com,DEPT-LEG,EMP-00861,2025-01-10,50705.46,active
EMP-00855,Aria,Jones,aria.jones855@example.com,DEPT-ENG,EMP-01973,2016-05-22,64308.17,active
EMP-00856,Harper,Thompson,harper.thompson856@example.com,DEPT-SAL,EMP-01662,2017-04-06,93230.22,active
EMP-00857,Sam,Clark,sam.clark857@example.com,DEPT-LEG,EMP-00812,2025-08-25,100256.91,active
EMP-00858,Lily,Robinson,lily.robinson858@example.com,DEPT-MKT,EMP-00334,2025-05-12,109972.35,active
EMP-00859,Mason,Wright,mason.wright859@example.com,DEPT-SUP,EMP-00693,2018-10-04,96668.63,active
EMP-00860,Lily,Hill,lily.hill860@example.com,DEPT-LEG,EMP-01592,2016-10-16,53533.48,inactive
EMP-00861,Harper,Nguyen,harper.nguyen861@example.com,DEPT-LEG,,2022-07-18,75376.79,active
EMP-00862,Layla,Scott,layla.scott862@example.com,DEPT-SAL,EMP-00664,2024-03-12,89262.54,active
EMP-00863,Harper,Nguyen,harper.nguyen863@example.com,DEPT-MKT,EMP-01594,2025-10-28,49710.19,active
EMP-00864,Nora,Ramirez,nora.ramirez864@example.com,DEPT-OPS,EMP-00735,2017-11-04,32165.45,terminated
EMP-00865,Mason,Garcia,mason.garcia865@example.com,DEPT-OPS,EMP-00679,2024-12-13,100995.08,active
EMP-00866,James,Anderson,james.anderson866@example.com,DEPT-FIN,EMP-00980,2017-05-23,42665.68,active
EMP-00867,Lily,Sanchez,lily.sanchez867@example.com,DEPT-LEG,EMP-01592,2018-10-11,102713.67,terminated
EMP-00868,Sophia,Allen,sophia.allen868@example.com,DEPT-ENG,EMP-00326,2016-02-27,52393.21,terminated
EMP-00869,Ella,Allen,ella.allen869@example.com,DEPT-LEG,EMP-01726,2017-12-26,92190.51,inactive
EMP-00870,Scarlett,Hill,scarlett.hill870@example.com,DEPT-SUP,,2023-07-27,38513.38,active
EMP-00871,Abigail,Lewis,abigail.lewis871@example.com,DEPT-PPL,EMP-01801,2017-05-11,52989.84,active
EMP-00872,Layla,Martin,layla.martin872@example.com,DEPT-SUP,EMP-01073,2021-10-21,32782.60,active
EMP-00873,Matthew,Harris,matthew.harris873@example.com,DEPT-LEG,EMP-00063,2021-07-20,36545.84,active
EMP-00874,Mia,Martin,mia.martin874@example.com,DEPT-SUP,EMP-00662,2023-04-10,59822.30,inactive
EMP-00875,Daniel,King,daniel.king875@example.com,DEPT-SUP,EMP-01073,2023-11-25,99346.77,active
EMP-00876,Zoe,Walker,zoe.walker876@example.com,DEPT-LEG,EMP-00107,2017-08-24,67997.96,terminated
EMP-00877,Lucas,Allen,lucas.allen877@example.com,DEPT-PPL,EMP-01254,2024-11-21,50064.30,active
EMP-00878,Emily,Nelson,emily.nelson878@example.com,DEPT-SUP,EMP-01217,2024-04-15,86583.96,active
EMP-00879,Mason,Nguyen,mason.nguyen879@example.com,DEPT-SAL,,2018-10-21,119782.84,active
EMP-00880,Layla,Taylor,layla.taylor880@example.com,DEPT-FIN,EMP-00980,2017-02-09,41839.03,active
EMP-00881,Amelia,Nelson,amelia.nelson881@example.com,DEPT-SAL,EMP-01433,2023-05-07,31361.10,active
EMP-00882,Hazel,White,hazel.white882@example.com,DEPT-SAL,EMP-01911,2020-01-27,107572.68,inactive
EMP-00883,Aria,Perez,aria.perez883@example.com,DEPT-PPL,EMP-00592,2017-04-15,74392.07,inactive
EMP-00884,Nora,Nelson,nora.nelson884@example.com,DEPT-OPS,EMP-00676,2024-02-23,95534.69,active
EMP-00885,Emily,Torres,emily.torres885@example.com,DEPT-FIN,EMP-00683,2020-11-01,50127.86,active
EMP-00886,Grace,Wilson,grace.wilson886@example.com,DEPT-PPL,EMP-00277,2020-10-04,30166.04,active
EMP-00887,Aria,Nelson,aria.nelson887@example.com,DEPT-LEG,EMP-01726,2024-02-13,90446.09,active
EMP-00888,Lily,Garcia,lily.garcia888@example.com,DEPT-SAL,EMP-01433,2019-09-06,69470.37,active
EMP-00889,Chloe,Perez,chloe.perez889@example.com,DEPT-OPS,EMP-01567,2017-04-09,56288.10,active
EMP-00890,Emily,Hill,emily.hill890@example.com,DEPT-FIN,EMP-01340,2023-05-06,110147.72,active
EMP-00891,Evelyn,Thompson,evelyn.thompson891@example.com,DEPT-PPL,EMP-00592,2018-08-15,102350.32,active
EMP-00892,Lily,Moore,lily.moore892@example.com,DEPT-MKT,EMP-00334,2016-11-18,93846.12,terminated
EMP-00893,Emily,Lewis,emily.lewis893@example.com,DEPT-SUP,EMP-00662,2021-04-10,115220.65,terminated
EMP-00894,Mason,Flores,mason.flores894@example.com,DEPT-PPL,EMP-00572,2024-02-24,67992.86,terminated
EMP-00895,Mason,Wright,mason.wright895@example.com,DEPT-SAL,EMP-01612,2018-06-25,105581.28,inactive
EMP-00896,Isaac,Adams,isaac.adams896@example.com,DEPT-ENG,EMP-00479,2024-11-10,62720.53,active
EMP-00897,Victoria,Harris,victoria.harris897@example.com,DEPT-SUP,EMP-00432,2019-02-05,59148.65,active
EMP-00898,Grace,Williams,grace.williams898@example.com,DEPT-SUP,EMP-00870,2022-07-15,98266.43,inactive
EMP-00899,Sophia,Clark,sophia.clark899@example.com,DEPT-MKT,EMP-01444,2021-09-03,60414.33,active
EMP-00900,Matthew,Ramirez,matthew.ramirez900@example.com,DEPT-LEG,EMP-00031,2019-06-05,46537.72,terminated
EMP-00901,Victoria,Thomas,victoria.thomas901@example.com,DEPT-MKT,EMP-01594,2021-04-23,111635.11,active
EMP-00902,Abigail,Anderson,abigail.anderson902@example.com,DEPT-OPS,EMP-01067,2016-08-26,60982.15,active
EMP-00903,Abigail,King,abigail.king903@example.com,DEPT-SAL,EMP-01662,2025-04-08,34616.39,active
EMP-00904,Amelia,Robinson,amelia.robinson904@example.com,DEPT-LEG,EMP-01491,2025-01-15,93249.54,inactive
EMP-00905,Zoe,Lee,zoe.lee905@example.com,DEPT-MKT,EMP-01594,2019-03-20,40866.70,inactive
EMP-00906,Theo,Perez,theo.perez906@example.com,DEPT-SAL,EMP-01911,2022-06-11,86110.42,active
EMP-00907,Mia,Thompson,mia.thompson907@example.com,DEPT-SUP,,2017-07-10,63930.54,active
EMP-00908,Matthew,Allen,matthew.allen908@example.com,DEPT-FIN,EMP-00980,2019-01-02,39727.13,active
EMP-00909,Liam,King,liam.king909@example.com,DEPT-PPL,EMP-01255,2022-03-04,83638.65,active
EMP-00910,Lily,Robinson,lily.robinson910@example.com,DEPT-PPL,EMP-01255,2021-03-20,87928.35,active
EMP-00911,Aria,Harris,aria.harris911@example.com,DEPT-LEG,EMP-01646,2025-08-23,60341.55,active
EMP-00912,Nora,Nelson,nora.nelson912@example.com,DEPT-SUP,EMP-00693,2025-07-01,45669.28,active
EMP-00913,Ella,Hill,ella.hill913@example.com,DEPT-MKT,EMP-00334,2025-12-01,35909.78,active
EMP-00914,Benjamin,Miller,benjamin.miller914@example.com,DEPT-ENG,EMP-01197,2020-10-28,102670.25,terminated
EMP-00915,Jack,Lewis,jack.lewis915@example.com,DEPT-SUP,EMP-01477,2018-06-07,114922.28,active
EMP-00916,Scarlett,Allen,scarlett.allen916@example.com,DEPT-LEG,EMP-01726,2020-11-12,85582.73,inactive
EMP-00917,Aiden,Martin,aiden.martin917@example.com,DEPT-LEG,EMP-00861,2023-07-13,77035.91,inactive
EMP-00918,Ella,Wilson,ella.wilson918@example.com,DEPT-OPS,EMP-00486,2023-11-12,44592.74,active
EMP-00919,Isaac,Thomas,isaac.thomas919@example.com,DEPT-PPL,EMP-00996,2022-01-15,40532.09,terminated
EMP-00920,Isaac,Lewis,isaac.lewis920@example.com,DEPT-LEG,EMP-00861,2020-09-26,45299.83,active
EMP-00921,Zoe,Ramirez,zoe.ramirez921@example.com,DEPT-OPS,EMP-00408,2021-10-17,106877.07,active
EMP-00922,Zoe,Moore,zoe.moore922@example.com,DEPT-MKT,EMP-00255,2024-03-19,66814.14,inactive
EMP-00923,Nathan,Ramirez,nathan.ramirez923@example.com,DEPT-SUP,EMP-00870,2016-10-28,43411.62,terminated
EMP-00924,Abigail,Scott,abigail.scott924@example.com,DEPT-PPL,EMP-00592,2023-10-06,82151.19,active
EMP-00925,Henry,Thomas,henry.thomas925@example.com,DEPT-SUP,EMP-00870,2019-05-26,48035.88,active
EMP-00926,Jack,Jones,jack.jones926@example.com,DEPT-ENG,EMP-00479,2021-01-08,48114.31,active
EMP-00927,Aria,Davis,aria.davis927@example.com,DEPT-OPS,EMP-01472,2019-02-25,49170.26,inactive
EMP-00928,Theo,Lee,theo.lee928@example.com,DEPT-LEG,EMP-01771,2018-07-11,96773.32,inactive
EMP-00929,Zoe,Ramirez,zoe.ramirez929@example.com,DEPT-PPL,EMP-01801,2024-08-25,46236.92,inactive
EMP-00930,Elijah,Thompson,elijah.thompson930@example.com,DEPT-SUP,EMP-00907,2023-03-06,41150.81,active
EMP-00931,Elijah,Ramirez,elijah.ramirez931@example.com,DEPT-LEG,EMP-00063,2021-09-08,33962.03,active
EMP-00932,Abigail,Brown,abigail.brown932@example.com,DEPT-ENG,EMP-01170,2022-01-18,118287.84,terminated
EMP-00933,Sam,Wright,sam.wright933@example.com,DEPT-MKT,EMP-01359,2025-10-22,100924.69,active
EMP-00934,Noah,Scott,noah.scott934@example.com,DEPT-OPS,EMP-00018,2024-02-01,73107.48,inactive
EMP-00935,Aiden,Lewis,aiden.lewis935@example.com,DEPT-SUP,EMP-01217,2025-12-13,38010.47,active
EMP-00936,Mia,Walker,mia.walker936@example.com,DEPT-OPS,EMP-01782,2024-10-07,97046.57,inactive
EMP-00937,Theo,Thomas,theo.thomas937@example.com,DEPT-OPS,EMP-01886,2018-09-14,30081.75,active
EMP-00938,Aiden,Nguyen,aiden.nguyen938@example.com,DEPT-LEG,EMP-01491,2024-08-20,106741.05,active
EMP-00939,Ava,Jones,ava.jones939@example.com,DEPT-ENG,EMP-01504,2017-02-25,53375.75,inactive
EMP-00940,Grace,Jackson,grace.jackson940@example.com,DEPT-ENG,EMP-00326,2022-05-07,71383.87,terminated
EMP-00941,Abigail,Scott,abigail.scott941@example.com,DEPT-SAL,EMP-01704,2016-11-09,54858.29,active
EMP-00942,Benjamin,Davis,benjamin.davis942@example.com,DEPT-LEG,EMP-01726,2024-01-16,55284.07,active
EMP-00943,Abigail,Williams,abigail.williams943@example.com,DEPT-PPL,EMP-00996,2021-04-27,61706.68,active
EMP-00944,Matthew,Smith,matthew.smith944@example.com,DEPT-OPS,EMP-00018,2022-08-10,74419.32,inactive
EMP-00945,Theo,Miller,theo.miller945@example.com,DEPT-PPL,EMP-01255,2021-09-14,55737.45,active
EMP-00946,Scarlett,Hill,scarlett.hill946@example.com,DEPT-LEG,EMP-00812,2020-06-22,63289.54,active
EMP-00947,Lucas,Thomas,lucas.thomas947@example.com,DEPT-FIN,EMP-01576,2022-10-25,72567.18,terminated
EMP-00948,Ethan,Moore,ethan.moore948@example.com,DEPT-SUP,EMP-01073,2024-12-18,119746.45,active
EMP-00949,Aria,Lee,aria.lee949@example.com,DEPT-LEG,EMP-00861,2024-02-14,92909.29,active
EMP-00950,Emily,Johnson,emily.johnson950@example.com,DEPT-MKT,EMP-01594,2018-03-26,87229.25,active
EMP-00951,Matthew,Allen,matthew.allen951@example.com,DEPT-SUP,EMP-00693,2025-12-10,53014.85,active
EMP-00952,Sam,Anderson,sam.anderson952@example.com,DEPT-SUP,EMP-01477,2023-05-07,93279.33,active
EMP-00953,Aiden,Hill,aiden.hill953@example.com,DEPT-FIN,EMP-00603,2018-11-17,38779.68,terminated
EMP-00954,Liam,Moore,liam.moore954@example.com,DEPT-MKT,EMP-01444,2024-11-07,75357.30,active
EMP-00955,Lucas,Perez,lucas.perez955@example.com,DEPT-LEG,EMP-01491,2019-11-24,113723.67,active
EMP-00956,Nora,Anderson,nora.anderson956@example.com,DEPT-PPL,EMP-01254,2019-08-19,85642.71,active
EMP-00957,Layla,Martin,layla.martin957@example.com,DEPT-OPS,EMP-00990,2025-07-07,103384.73,terminated
EMP-00958,Grace,Garcia,grace.garcia958@example.com,DEPT-ENG,EMP-01094,2021-11-24,104040.65,inactive
EMP-00959,Liam,Moore,liam.moore959@example.com,DEPT-SAL,EMP-01668,2025-04-17,115128.34,active
EMP-00960,Aiden,Hill,aiden.hill960@example.com,DEPT-PPL,,2019-04-01,45964.63,active
EMP-00961,Oliver,Green,oliver.green961@example.com,DEPT-SUP,EMP-01217,2023-07-12,70248.36,active
EMP-00962,Victoria,Jones,victoria.jones962@example.com,DEPT-SAL,EMP-01612,2025-11-20,40998.38,active
EMP-00963,Benjamin,Lewis,benjamin.lewis963@example.com,DEPT-LEG,EMP-01646,2018-02-07,42321.69,active
EMP-00964,Benjamin,Garcia,benjamin.garcia964@example.com,DEPT-ENG,EMP-01197,2024-09-20,38362.73,inactive
EMP-00965,Scarlett,Green,scarlett.green965@example.com,DEPT-OPS,EMP-00076,2016-06-03,52706.00,active
EMP-00966,Sam,Martinez,sam.martinez966@example.com,DEPT-MKT,EMP-00334,2024-09-26,38238.85,terminated
EMP-00967,Chloe,Ramirez,chloe.ramirez967@example.com,DEPT-PPL,EMP-00572,2019-06-09,36114.24,active
EMP-00968,Victoria,Green,victoria.green968@example.com,DEPT-FIN,EMP-01576,2025-02-04,44074.99,terminated
EMP-00969,Victoria,Smith,victoria.smith969@example.com,DEPT-SAL,EMP-01257,2020-05-03,99532.53,active
EMP-00970,James,Sanchez,james.sanchez970@example.com,DEPT-SUP,EMP-00870,2023-01-14,40350.90,terminated
EMP-00971,Mason,Robinson,mason.robinson971@example.com,DEPT-OPS,EMP-01806,2020-04-10,30018.33,active
EMP-00972,Victoria,Rodriguez,victoria.rodriguez972@example.com,DEPT-SAL,EMP-00664,2022-03-11,71091.26,active
EMP-00973,Ava,Garcia,ava.garcia973@example.com,DEPT-ENG,EMP-01504,2018-10-07,112404.25,terminated
EMP-00974,Sophia,Lewis,sophia.lewis974@example.com,DEPT-FIN,EMP-01340,2016-08-16,45058.83,active
EMP-00975,Emily,Adams,emily.adams975@example.com,DEPT-LEG,EMP-00107,2018-10-24,52121.60,active
EMP-00976,Chloe,Anderson,chloe.anderson976@example.com,DEPT-OPS,EMP-01567,2025-05-09,116613.26,inactive
EMP-00977,Jack,White,jack.white977@example.com,DEPT-PPL,EMP-00996,2018-01-26,93840.72,active
EMP-00978,Mia,King,mia.king978@example.com,DEPT-PPL,EMP-00996,2017-07-25,106495.14,terminated
EMP-00979,Hazel,Lee,hazel.lee979@example.com,DEPT-SAL,EMP-01911,2025-04-15,104407.20,active
EMP-00980,Layla,Thompson,layla.thompson980@example.com,DEPT-FIN,,2025-04-15,70660.71,terminated
EMP-00981,Ava,Smith,ava.smith981@example.com,DEPT-ENG,EMP-01504,2019-09-10,47698.36,active
EMP-00982,Henry,King,henry.king982@example.com,DEPT-SAL,EMP-00879,2024-03-08,55169.54,terminated
EMP-00983,Liam,Rodriguez,liam.rodriguez983@example.com,DEPT-ENG,EMP-00479,2025-05-12,91407.35,active
EMP-00984,Emma,Garcia,emma.garcia984@example.com,DEPT-SAL,EMP-01668,2018-08-05,97511.67,active
EMP-00985,Victoria,Johnson,victoria.johnson985@example.com,DEPT-ENG,EMP-01170,2018-09-10,72506.16,active
EMP-00986,Ethan,Perez,ethan.perez986@example.com,DEPT-SUP,EMP-00432,2022-10-09,79074.13,inactive
EMP-00987,Scarlett,Smith,scarlett.smith987@example.com,DEPT-LEG,EMP-00861,2021-12-17,41423.95,terminated
EMP-00988,Amelia,Thompson,amelia.thompson988@example.com,DEPT-ENG,EMP-00326,2016-12-19,61275.80,active
EMP-00989,Owen,Rodriguez,owen.rodriguez989@example.com,DEPT-ENG,EMP-00479,2020-10-22,110422.32,active
EMP-00990,Isaac,Moore,isaac.moore990@example.com,DEPT-OPS,,2021-02-05,47942.09,active
EMP-00991,Emma,Nelson,emma.nelson991@example.com,DEPT-MKT,EMP-00255,2018-08-04,96235.72,active
EMP-00992,Victoria,Williams,victoria.williams992@example.com,DEPT-PPL,EMP-00277,2022-12-16,106172.78,inactive
EMP-00993,Benjamin,Hill,benjamin.hill993@example.com,DEPT-LEG,EMP-00107,2016-04-07,91750.46,inactive
EMP-00994,Ava,Johnson,ava.johnson994@example.com,DEPT-LEG,EMP-01726,2023-09-17,60236.31,inactive
EMP-00995,Matthew,Walker,matthew.walker995@example.com,DEPT-FIN,EMP-00603,2022-02-08,68260.13,inactive
EMP-00996,Isaac,Adams,isaac.adams996@example.com,DEPT-PPL,,2016-03-26,92174.48,active
EMP-00997,Daniel,Williams,daniel.williams997@example.com,DEPT-ENG,EMP-00479,2025-03-06,48667.78,active
EMP-00998,Sophia,Thomas,sophia.thomas998@example.com,DEPT-MKT,EMP-00334,2022-03-24,70693.67,active
EMP-00999,Victoria,Davis,victoria.davis999@example.com,DEPT-FIN,EMP-00980,2018-03-20,74383.61,active
EMP-01000,Lily,Martin,lily.martin1000@example.com,DEPT-MKT,EMP-01444,2016-09-13,82861.72,terminated
EMP-01001,Amelia,Davis,amelia.davis1001@example.com,DEPT-PPL,EMP-00572,2021-09-27,118266.22,terminated
EMP-01002,Ella,Taylor,ella.taylor1002@example.com,DEPT-OPS,EMP-00486,2025-02-24,42403.76,active
EMP-01003,Owen,Flores,owen.flores1003@example.com,DEPT-ENG,EMP-00479,2017-06-13,87243.65,inactive
EMP-01004,Lily,Wilson,lily.wilson1004@example.com,DEPT-SAL,EMP-01186,2020-12-13,92570.55,inactive
EMP-01005,James,Smith,james.smith1005@example.com,DEPT-LEG,EMP-01771,2017-01-25,42189.91,terminated
EMP-01006,Layla,Thompson,layla.thompson1006@example.com,DEPT-SAL,EMP-01186,2021-02-05,91843.30,active
EMP-01007,Harper,Williams,harper.williams1007@example.com,DEPT-FIN,EMP-00980,2023-02-11,53791.82,inactive
EMP-01008,Emily,Taylor,emily.taylor1008@example.com,DEPT-LEG,EMP-01726,2019-03-20,50199.71,inactive
EMP-01009,James,Anderson,james.anderson1009@example.com,DEPT-SAL,EMP-00879,2020-12-06,30369.94,active
EMP-01010,Emma,Brown,emma.brown1010@example.com,DEPT-LEG,EMP-00031,2021-09-17,67472.70,active
EMP-01011,Nathan,Adams,nathan.adams1011@example.com,DEPT-ENG,EMP-01094,2020-11-06,89980.93,active
EMP-01012,Elijah,Young,elijah.young1012@example.com,DEPT-FIN,EMP-00683,2019-02-10,44168.27,active
EMP-01013,Emily,Green,emily.green1013@example.com,DEPT-SUP,EMP-00693,2025-02-02,44807.71,active
EMP-01014,Jack,Martin,jack.martin1014@example.com,DEPT-ENG,EMP-01504,2025-03-08,43336.42,active
EMP-01015,Oliver,Brown,oliver.brown1015@example.com,DEPT-SUP,EMP-00907,2025-02-09,47074.60,terminated
EMP-01016,Emily,Young,emily.young1016@example.com,DEPT-SAL,EMP-01433,2025-04-17,60746.11,active
EMP-01017,Isaac,Williams,isaac.williams1017@example.com,DEPT-ENG,EMP-01197,2016-12-18,61175.78,terminated
EMP-01018,Abigail,Miller,abigail.miller1018@example.com,DEPT-SUP,EMP-01217,2024-10-18,45101.83,terminated
EMP-01019,Lily,White,lily.white1019@example.com,DEPT-SUP,EMP-00907,2017-01-14,66168.36,active
EMP-01020,Hazel,Young,hazel.young1020@example.com,DEPT-ENG,EMP-01197,2019-11-22,56016.91,terminated
EMP-01021,Owen,Wilson,owen.wilson1021@example.com,DEPT-LEG,EMP-00107,2022-06-18,99305.37,active
EMP-01022,Mason,Williams,mason.williams1022@example.com,DEPT-LEG,EMP-00107,2020-09-10,46022.36,terminated
EMP-01023,Matthew,Adams,matthew.adams1023@example.com,DEPT-SAL,EMP-01612,2025-05-10,73978.10,inactive
EMP-01024,Leo,Young,leo.young1024@example.com,DEPT-ENG,EMP-01504,2024-09-12,116836.10,terminated
EMP-01025,Aiden,Moore,aiden.moore1025@example.com,DEPT-MKT,EMP-01444,2022-08-28,69784.02,active
EMP-01026,Liam,Thomas,liam.thomas1026@example.com,DEPT-LEG,EMP-00861,2016-04-04,41442.82,active
EMP-01027,Harper,Thomas,harper.thomas1027@example.com,DEPT-LEG,EMP-00031,2024-08-14,116141.35,active
EMP-01028,Harper,Nelson,harper.nelson1028@example.com,DEPT-OPS,EMP-00486,2025-11-21,45909.06,active
EMP-01029,Liam,Jones,liam.jones1029@example.com,DEPT-SUP,EMP-00870,2017-11-01,98766.72,active
EMP-01030,Nora,Moore,nora.moore1030@example.com,DEPT-MKT,EMP-00255,2016-09-07,36177.13,active
EMP-01031,James,Flores,james.flores1031@example.com,DEPT-SAL,EMP-01662,2017-05-24,104407.69,active
EMP-01032,Hazel,Rodriguez,hazel.rodriguez1032@example.com,DEPT-OPS,EMP-00076,2024-08-20,40874.94,active
EMP-01033,Lucas,Sanchez,lucas.sanchez1033@example.com,DEPT-LEG,EMP-01646,2018-04-12,76531.08,terminated
EMP-01034,Mia,Clark,mia.clark1034@example.com,DEPT-LEG,EMP-01592,2018-05-15,94356.70,active
EMP-01035,Matthew,Walker,matthew.walker1035@example.com,DEPT-OPS,EMP-01806,2018-04-27,112149.25,active
EMP-01036,Liam,King,liam.king1036@example.com,DEPT-PPL,EMP-01255,2017-06-11,47357.47,inactive
EMP-01037,Emily,Robinson,emily.robinson1037@example.com,DEPT-ENG,EMP-01770,2024-10-27,83278.43,active
EMP-01038,Aiden,Wright,aiden.wright1038@example.com,DEPT-OPS,EMP-00339,2019-03-07,98955.80,active
EMP-01039,Victoria,Wilson,victoria.wilson1039@example.com,DEPT-OPS,EMP-01886,2024-08-05,98221.26,inactive
EMP-01040,Benjamin,White,benjamin.white1040@example.com,DEPT-ENG,EMP-01973,2019-09-03,101680.12,inactive
EMP-01041,Emily,Green,emily.green1041@example.com,DEPT-FIN,EMP-01518,2019-05-12,105085.56,active
EMP-01042,Isaac,Allen,isaac.allen1042@example.com,DEPT-LEG,EMP-01592,2020-06-03,40231.67,active
EMP-01043,Liam,Allen,liam.allen1043@example.com,DEPT-FIN,EMP-00582,2022-05-28,41575.86,active
EMP-01044,Mason,Miller,mason.miller1044@example.com,DEPT-MKT,EMP-00255,2022-09-08,113374.27,active
EMP-01045,Victoria,Davis,victoria.davis1045@example.com,DEPT-MKT,EMP-00334,2023-03-24,69021.62,terminated
EMP-01046,Elijah,King,elijah.king1046@example.com,DEPT-SAL,EMP-01433,2021-11-06,108296.90,active
EMP-01047,Ethan,Allen,ethan.allen1047@example.com,DEPT-PPL,EMP-01255,2022-03-01,77454.89,active
EMP-01048,Theo,Flores,theo.flores1048@example.com,DEPT-OPS,EMP-01782,2016-10-03,33089.81,terminated
EMP-01049,Aiden,Walker,aiden.walker1049@example.com,DEPT-ENG,EMP-01770,2018-12-06,75759.77,inactive
EMP-01050,Scarlett,Hill,scarlett.hill1050@example.com,DEPT-FIN,EMP-00700,2025-05-08,117280.82,active
EMP-01051,Zoe,Wilson,zoe.wilson1051@example.com,DEPT-FIN,EMP-01576,2023-05-14,45816.87,active
EMP-01052,Mia,Miller,mia.miller1052@example.com,DEPT-OPS,EMP-00735,2017-09-24,45170.31,active
EMP-01053,James,Johnson,james.johnson1053@example.com,DEPT-MKT,EMP-00255,2017-07-12,110622.03,active
EMP-01054,Daniel,Nguyen,daniel.nguyen1054@example.com,DEPT-OPS,EMP-00676,2019-11-17,82979.91,active
EMP-01055,Sam,Perez,sam.perez1055@example.com,DEPT-MKT,EMP-01594,2022-05-18,74502.14,active
EMP-01056,Owen,Davis,owen.davis1056@example.com,DEPT-ENG,EMP-01170,2023-06-02,107770.86,active
EMP-01057,Theo,Green,theo.green1057@example.com,DEPT-FIN,EMP-00603,2024-12-10,110793.19,active
EMP-01058,Liam,Scott,liam.scott1058@example.com,DEPT-MKT,EMP-01444,2022-04-04,41765.84,active
EMP-01059,Owen,Green,owen.green1059@example.com,DEPT-MKT,EMP-00334,2018-10-10,89626.31,active
EMP-01060,Emily,Flores,emily.flores1060@example.com,DEPT-LEG,EMP-00812,2017-01-13,30323.37,active
EMP-01061,Mia,Adams,mia.adams1061@example.com,DEPT-SUP,EMP-01477,2020-10-06,106803.31,active
EMP-01062,Lucas,Anderson,lucas.anderson1062@example.com,DEPT-ENG,EMP-00479,2021-01-15,93210.40,active
EMP-01063,James,Smith,james.smith1063@example.com,DEPT-SAL,EMP-01911,2018-06-09,42998.86,terminated
EMP-01064,Amelia,White,amelia.white1064@example.com,DEPT-OPS,EMP-00076,2021-03-06,65969.61,terminated
EMP-01065,Sophia,Wilson,sophia.wilson1065@example.com,DEPT-OPS,EMP-00676,2024-05-09,115840.37,active
EMP-01066,Ella,Garcia,ella.garcia1066@example.com,DEPT-FIN,EMP-01518,2018-06-02,56886.61,active
EMP-01067,Benjamin,Sanchez,benjamin.sanchez1067@example.com,DEPT-OPS,,2021-08-05,39368.38,inactive
EMP-01068,Mia,Wright,mia.wright1068@example.com,DEPT-OPS,EMP-00679,2021-07-23,71456.69,active
EMP-01069,Benjamin,Allen,benjamin.allen1069@example.com,DEPT-FIN,EMP-01518,2018-04-20,108308.22,active
EMP-01070,Grace,Sanchez,grace.sanchez1070@example.com,DEPT-ENG,EMP-01197,2021-04-27,94146.19,inactive
EMP-01071,Isaac,Smith,isaac.smith1071@example.com,DEPT-FIN,EMP-01340,2023-06-18,82811.99,terminated
EMP-01072,Mia,Sanchez,mia.sanchez1072@example.com,DEPT-ENG,EMP-01197,2020-10-09,109477.51,terminated
EMP-01073,Ava,Brown,ava.brown1073@example.com,DEPT-SUP,,2017-06-09,117915.99,active
EMP-01074,Owen,Thomas,owen.thomas1074@example.com,DEPT-OPS,EMP-00339,2025-05-04,75285.00,active
EMP-01075,Elijah,Robinson,elijah.robinson1075@example.com,DEPT-SUP,EMP-01217,2016-10-03,118303.46,terminated
EMP-01076,Abigail,Flores,abigail.flores1076@example.com,DEPT-FIN,EMP-00683,2020-09-09,102544.98,terminated
EMP-01077,Mia,Hill,mia.hill1077@example.com,DEPT-OPS,EMP-01782,2021-06-08,106078.29,active
EMP-01078,Mia,Scott,mia.scott1078@example.com,DEPT-PPL,EMP-00592,2023-05-22,108969.12,active
EMP-01079,Henry,Sanchez,henry.sanchez1079@example.com,DEPT-MKT,EMP-01594,2022-09-21,53489.59,inactive
EMP-01080,Scarlett,Lewis,scarlett.lewis1080@example.com,DEPT-ENG,EMP-01504,2020-01-12,48236.76,active
EMP-01081,Sam,Clark,sam.clark1081@example.com,DEPT-PPL,EMP-00277,2024-08-23,104563.33,inactive
EMP-01082,Theo,Walker,theo.walker1082@example.com,DEPT-PPL,EMP-01801,2018-11-09,56675.75,active
EMP-01083,Oliver,Williams,oliver.williams1083@example.com,DEPT-PPL,EMP-00592,2018-03-24,110295.72,inactive
EMP-01084,Grace,Thompson,grace.thompson1084@example.com,DEPT-ENG,EMP-00479,2022-08-19,97875.33,active
EMP-01085,Emma,Taylor,emma.taylor1085@example.com,DEPT-SUP,EMP-01217,2021-11-08,93382.24,active
EMP-01086,Matthew,Martinez,matthew.martinez1086@example.com,DEPT-OPS,EMP-00408,2025-11-07,52455.89,inactive
EMP-01087,Isaac,Allen,isaac.allen1087@example.com,DEPT-FIN,EMP-00132,2024-03-15,68097.41,active
EMP-01088,Grace,Martin,grace.martin1088@example.com,DEPT-SAL,EMP-01911,2016-12-07,78967.56,inactive
EMP-01089,Aria,Perez,aria.perez1089@example.com,DEPT-ENG,EMP-01094,2017-09-09,58383.23,active
EMP-01090,Victoria,Martin,victoria.martin1090@example.com,DEPT-FIN,EMP-01576,2023-12-16,57667.28,active
EMP-01091,Sam,Thompson,sam.thompson1091@example.com,DEPT-OPS,EMP-01221,2016-06-27,90252.59,terminated
EMP-01092,Victoria,Lee,victoria.lee1092@example.com,DEPT-SAL,EMP-00879,2023-11-25,33815.06,active
EMP-01093,Leo,Miller,leo.miller1093@example.com,DEPT-SAL,EMP-01704,2018-02-25,104275.63,terminated
EMP-01094,Grace,Miller,grace.miller1094@example.com,DEPT-ENG,,2017-10-24,100455.98,active
EMP-01095,Evelyn,Miller,evelyn.miller1095@example.com,DEPT-OPS,EMP-00990,2019-06-15,57531.82,active
EMP-01096,Abigail,Moore,abigail.moore1096@example.com,DEPT-OPS,EMP-00990,2016-04-10,60652.78,terminated
EMP-01097,Layla,Williams,layla.williams1097@example.com,DEPT-FIN,EMP-00700,2025-08-27,38485.83,active
EMP-01098,Jack,Sanchez,jack.sanchez1098@example.com,DEPT-MKT,EMP-00334,2022-07-12,77278.14,active
EMP-01099,Aria,Robinson,aria.robinson1099@example.com,DEPT-FIN,EMP-01576,2025-01-12,64295.11,active
EMP-01100,Daniel,Hill,daniel.hill1100@example.com,DEPT-SUP,EMP-00870,2020-12-16,113895.11,terminated
EMP-01101,Harper,Davis,harper.davis1101@example.com,DEPT-PPL,EMP-00960,2020-01-08,35535.80,terminated
EMP-01102,Aria,Brown,aria.brown1102@example.com,DEPT-FIN,EMP-00980,2023-05-12,86735.31,inactive
EMP-01103,Noah,Walker,noah.walker1103@example.com,DEPT-OPS,EMP-00076,2022-05-23,35377.25,active
EMP-01104,Benjamin,Ramirez,benjamin.ramirez1104@example.com,DEPT-FIN,EMP-00980,2017-04-06,55533.80,terminated
EMP-01105,Abigail,Smith,abigail.smith1105@example.com,DEPT-LEG,EMP-00482,2019-06-02,77892.88,terminated
EMP-01106,Nathan,Lee,nathan.lee1106@example.com,DEPT-FIN,EMP-01648,2020-08-13,42068.87,active
EMP-01107,Aria,Thomas,aria.thomas1107@example.com,DEPT-LEG,EMP-01646,2018-05-18,34215.20,inactive
EMP-01108,Henry,King,henry.king1108@example.com,DEPT-MKT,EMP-01594,2020-07-18,66167.84,active
EMP-01109,Mason,Hill,mason.hill1109@example.com,DEPT-SAL,EMP-00295,2016-01-10,47196.51,active
EMP-01110,Ethan,Jackson,ethan.jackson1110@example.com,DEPT-FIN,EMP-00132,2021-01-19,63541.88,active
EMP-01111,Aria,Williams,aria.williams1111@example.com,DEPT-ENG,EMP-01197,2022-11-13,97467.24,active
EMP-01112,James,Ramirez,james.ramirez1112@example.com,DEPT-SAL,EMP-00295,2018-10-21,60655.68,active
EMP-01113,Scarlett,Davis,scarlett.davis1113@example.com,DEPT-SAL,EMP-00295,2021-04-15,53594.90,inactive
EMP-01114,Henry,Young,henry.young1114@example.com,DEPT-MKT,EMP-00255,2023-04-11,113556.97,terminated
EMP-01115,Aria,Miller,aria.miller1115@example.com,DEPT-ENG,EMP-01170,2019-08-28,71253.13,terminated
EMP-01116,Evelyn,Jones,evelyn.jones1116@example.com,DEPT-PPL,EMP-01254,2023-04-06,81380.99,inactive
EMP-01117,Layla,Jackson,layla.jackson1117@example.com,DEPT-FIN,EMP-01576,2023-12-01,100843.37,terminated
EMP-01118,Chloe,Martinez,chloe.martinez1118@example.com,DEPT-MKT,EMP-00255,2017-05-25,50214.95,active
EMP-01119,Henry,Jones,henry.jones1119@example.com,DEPT-FIN,EMP-01518,2021-05-21,30417.99,terminated
EMP-01120,Emma,Taylor,emma.taylor1120@example.com,DEPT-SUP,EMP-00432,2025-12-04,81266.29,inactive
EMP-01121,Harper,White,harper.white1121@example.com,DEPT-ENG,EMP-01094,2023-10-28,116474.09,active
EMP-01122,Henry,Thomas,henry.thomas1122@example.com,DEPT-PPL,EMP-00787,2022-01-28,94546.25,terminated
EMP-01123,Grace,Garcia,grace.garcia1123@example.com,DEPT-SUP,EMP-00662,2025-02-15,74127.50,active
EMP-01124,Aiden,Moore,aiden.moore1124@example.com,DEPT-ENG,EMP-00326,2019-02-24,81399.51,active
EMP-01125,Nora,Harris,nora.harris1125@example.com,DEPT-SUP,EMP-00693,2016-02-26,79645.09,active
EMP-01126,Chloe,Torres,chloe.torres1126@example.com,DEPT-ENG,EMP-00479,2020-09-01,114108.40,active
EMP-01127,Oliver,Lewis,oliver.lewis1127@example.com,DEPT-SUP,EMP-01073,2017-04-03,57069.95,active
EMP-01128,Aria,Robinson,aria.robinson1128@example.com,DEPT-ENG,EMP-01770,2021-06-07,50664.90,active
EMP-01129,Mason,Allen,mason.allen1129@example.com,DEPT-PPL,EMP-00960,2021-09-04,51247.56,active
EMP-01130,Chloe,Wright,chloe.wright1130@example.com,DEPT-FIN,EMP-00132,2021-04-15,94064.27,terminated
EMP-01131,Grace,Walker,grace.walker1131@example.com,DEPT-SAL,EMP-01186,2018-01-21,37272.11,inactive
EMP-01132,Grace,White,grace.white1132@example.com,DEPT-ENG,EMP-00479,2021-10-14,45707.38,active
EMP-01133,Layla,Ramirez,layla.ramirez1133@example.com,DEPT-FIN,EMP-00603,2023-12-14,77246.66,active
EMP-01134,Amelia,Thompson,amelia.thompson1134@example.com,DEPT-ENG,EMP-01973,2025-10-14,88524.03,active
EMP-01135,Aria,Clark,aria.clark1135@example.com,DEPT-OPS,EMP-00018,2022-09-06,50014.98,active
EMP-01136,Ethan,Scott,ethan.scott1136@example.com,DEPT-FIN,EMP-00603,2025-11-10,57570.65,inactive
EMP-01137,Jack,Thompson,jack.thompson1137@example.com,DEPT-ENG,EMP-01973,2024-12-18,40592.00,active
EMP-01138,Hazel,Johnson,hazel.johnson1138@example.com,DEPT-MKT,EMP-01359,2023-10-01,58123.01,active
EMP-01139,Amelia,Martin,amelia.martin1139@example.com,DEPT-SUP,EMP-01073,2018-11-07,52883.73,inactive
EMP-01140,Theo,Smith,theo.smith1140@example.com,DEPT-SUP,EMP-00662,2016-07-12,119833.01,active
EMP-01141,Matthew,Wright,matthew.wright1141@example.com,DEPT-MKT,EMP-01444,2016-02-09,89390.47,terminated
EMP-01142,Ella,Wilson,ella.wilson1142@example.com,DEPT-SAL,EMP-01257,2020-07-07,119752.49,inactive
EMP-01143,Harper,Taylor,harper.taylor1143@example.com,DEPT-SAL,EMP-01433,2025-08-19,116733.41,active
EMP-01144,Owen,Lewis,owen.lewis1144@example.com,DEPT-SUP,EMP-01217,2018-11-06,47245.30,active
EMP-01145,Jack,Wilson,jack.wilson1145@example.com,DEPT-SAL,EMP-01911,2024-04-27,84436.64,active
EMP-01146,Theo,Jones,theo.jones1146@example.com,DEPT-OPS,EMP-00018,2020-01-21,117911.49,active
EMP-01147,Elijah,Martinez,elijah.martinez1147@example.com,DEPT-OPS,EMP-00339,2021-04-06,71569.11,active
EMP-01148,Chloe,Green,chloe.green1148@example.com,DEPT-SAL,EMP-01186,2016-07-08,83507.58,active
EMP-01149,Jack,King,jack.king1149@example.com,DEPT-SAL,EMP-01668,2024-01-19,64677.45,inactive
EMP-01150,Aiden,Rodriguez,aiden.rodriguez1150@example.com,DEPT-SAL,EMP-01704,2023-12-03,85310.22,active
EMP-01151,Elijah,Harris,elijah.harris1151@example.com,DEPT-FIN,EMP-00582,2019-04-21,72885.86,terminated
EMP-01152,Daniel,Robinson,daniel.robinson1152@example.com,DEPT-PPL,EMP-01801,2023-07-13,32954.79,active
EMP-01153,Evelyn,Green,evelyn.green1153@example.com,DEPT-LEG,EMP-00107,2025-06-16,109193.29,terminated
EMP-01154,Grace,Ramirez,grace.ramirez1154@example.com,DEPT-SAL,EMP-00879,2024-03-12,30197.68,active
EMP-01155,Nathan,King,nathan.king1155@example.com,DEPT-OPS,EMP-01067,2018-01-17,63525.10,inactive
EMP-01156,Liam,Johnson,liam.johnson1156@example.com,DEPT-FIN,EMP-01648,2019-12-27,54469.46,active
EMP-01157,Lucas,Johnson,lucas.johnson1157@example.com,DEPT-SUP,EMP-01477,2021-09-27,98029.07,terminated
EMP-01158,Lucas,Clark,lucas.clark1158@example.com,DEPT-OPS,EMP-00676,2025-10-24,38154.56,terminated
EMP-01159,Mason,Walker,mason.walker1159@example.com,DEPT-SAL,EMP-01257,2017-01-08,71034.57,active
EMP-01160,Layla,Ramirez,layla.ramirez1160@example.com,DEPT-PPL,EMP-00960,2021-09-25,106622.19,inactive
EMP-01161,Ethan,Torres,ethan.torres1161@example.com,DEPT-OPS,EMP-00076,2023-12-12,82044.95,active
EMP-01162,Owen,Green,owen.green1162@example.com,DEPT-SAL,EMP-00295,2016-05-22,50939.35,active
EMP-01163,Victoria,Anderson,victoria.anderson1163@example.com,DEPT-SAL,EMP-01257,2018-03-27,37952.80,active
EMP-01164,Harper,Nguyen,harper.nguyen1164@example.com,DEPT-OPS,EMP-01567,2016-01-27,39659.94,active
EMP-01165,Nora,Robinson,nora.robinson1165@example.com,DEPT-OPS,EMP-01567,2022-01-14,55076.08,terminated
EMP-01166,Ella,Thomas,ella.thomas1166@example.com,DEPT-PPL,EMP-00572,2022-01-23,99710.14,active
EMP-01167,Oliver,Robinson,oliver.robinson1167@example.com,DEPT-LEG,EMP-01726,2018-10-13,119051.00,active
EMP-01168,Abigail,Robinson,abigail.robinson1168@example.com,DEPT-LEG,EMP-00812,2020-10-26,67135.58,active
EMP-01169,Liam,Allen,liam.allen1169@example.com,DEPT-OPS,EMP-01689,2024-09-26,117356.21,active
EMP-01170,Abigail,Torres,abigail.torres1170@example.com,DEPT-ENG,,2024-09-12,82623.15,terminated
EMP-01171,Grace,Miller,grace.miller1171@example.com,DEPT-MKT,EMP-00334,2016-01-11,74603.85,active
EMP-01172,Theo,Walker,theo.walker1172@example.com,DEPT-SAL,EMP-00295,2025-12-02,109443.41,terminated
EMP-01173,Owen,Nelson,owen.nelson1173@example.com,DEPT-SUP,EMP-00693,2024-09-10,74928.22,active
EMP-01174,Chloe,Green,chloe.green1174@example.com,DEPT-OPS,EMP-01221,2019-03-10,109294.73,active
EMP-01175,Aria,Green,aria.green1175@example.com,DEPT-PPL,EMP-00277,2025-05-03,89574.45,terminated
EMP-01176,Lily,Flores,lily.flores1176@example.com,DEPT-SAL,EMP-00295,2023-06-15,39418.03,terminated
EMP-01177,Liam,Williams,liam.williams1177@example.com,DEPT-LEG,EMP-00812,2021-06-12,32837.26,terminated
EMP-01178,Emily,King,emily.king1178@example.com,DEPT-ENG,EMP-00326,2023-07-16,62496.70,inactive
EMP-01179,Daniel,Perez,daniel.perez1179@example.com,DEPT-FIN,EMP-01648,2016-02-06,74050.31,active
EMP-01180,Liam,Martin,liam.martin1180@example.com,DEPT-OPS,EMP-01806,2023-12-11,68424.41,active
EMP-01181,Theo,Lee,theo.lee1181@example.com,DEPT-MKT,EMP-01359,2017-10-24,42227.90,terminated
EMP-01182,Nathan,Allen,nathan.allen1182@example.com,DEPT-FIN,EMP-01340,2022-02-14,41633.60,active
EMP-01183,Oliver,Smith,oliver.smith1183@example.com,DEPT-SUP,EMP-00662,2019-05-27,62424.30,active
EMP-01184,Theo,Nelson,theo.nelson1184@example.com,DEPT-MKT,EMP-00255,2019-03-28,54007.48,active
EMP-01185,Nathan,Thomas,nathan.thomas1185@example.com,DEPT-PPL,EMP-00592,2021-10-02,54871.77,active
EMP-01186,Emily,Martinez,emily.martinez1186@example.com,DEPT-SAL,,2021-07-19,31153.07,active
EMP-01187,Sam,Garcia,sam.garcia1187@example.com,DEPT-LEG,EMP-00812,2021-12-10,102494.38,active
EMP-01188,Lucas,Moore,lucas.moore1188@example.com,DEPT-OPS,EMP-00408,2016-04-17,86735.27,active
EMP-01189,Emily,Brown,emily.brown1189@example.com,DEPT-FIN,EMP-00603,2023-12-08,50263.50,active
EMP-01190,Leo,Walker,leo.walker1190@example.com,DEPT-SUP,EMP-00907,2023-12-20,65578.79,active
EMP-01191,Owen,Scott,owen.scott1191@example.com,DEPT-ENG,EMP-01094,2021-07-12,35412.98,active
EMP-01192,Emma,Moore,emma.moore1192@example.com,DEPT-MKT,EMP-01359,2017-11-09,65537.53,active
EMP-01193,Liam,Harris,liam.harris1193@example.com,DEPT-LEG,EMP-00482,2023-07-13,108450.72,active
EMP-01194,Daniel,Wilson,daniel.wilson1194@example.com,DEPT-SUP,EMP-01073,2022-11-02,104269.25,active
EMP-01195,Scarlett,Scott,scarlett.scott1195@example.com,DEPT-SAL,EMP-00879,2021-09-01,80588.55,active
EMP-01196,Emma,Lewis,emma.lewis1196@example.com,DEPT-ENG,EMP-01094,2021-02-28,99978.40,active
EMP-01197,Scarlett,King,scarlett.king1197@example.com,DEPT-ENG,,2025-02-12,58967.57,active
EMP-01198,Benjamin,Robinson,benjamin.robinson1198@example.com,DEPT-PPL,EMP-00996,2018-07-22,50493.64,terminated
EMP-01199,Emily,Rodriguez,emily.rodriguez1199@example.com,DEPT-LEG,EMP-01771,2024-05-17,71474.77,terminated
EMP-01200,Layla,Allen,layla.allen1200@example.com,DEPT-FIN,EMP-00980,2022-07-03,52320.68,active
EMP-01201,Nora,Williams,nora.williams1201@example.com,DEPT-ENG,EMP-01973,2018-06-13,99898.97,active
EMP-01202,Ethan,Nguyen,ethan.nguyen1202@example.com,DEPT-MKT,EMP-00334,2019-03-16,30567.56,active
EMP-01203,Amelia,Young,amelia.young1203@example.com,DEPT-LEG,EMP-01491,2021-08-12,63831.70,active
EMP-01204,Ethan,Young,ethan.young1204@example.com,DEPT-SAL,EMP-01662,2021-12-05,31511.45,active
EMP-01205,Nathan,Taylor,nathan.taylor1205@example.com,DEPT-SAL,EMP-00879,2025-01-18,87224.86,inactive
EMP-01206,Matthew,Moore,matthew.moore1206@example.com,DEPT-LEG,EMP-00107,2022-08-20,81331.15,inactive
EMP-01207,Layla,Anderson,layla.anderson1207@example.com,DEPT-SAL,EMP-00879,2018-04-23,81232.53,active
EMP-01208,Grace,Perez,grace.perez1208@example.com,DEPT-PPL,EMP-00572,2020-12-25,53371.29,active
EMP-01209,Hazel,Nguyen,hazel.nguyen1209@example.com,DEPT-MKT,EMP-00255,2021-02-14,55234.81,active
EMP-01210,Liam,Rodriguez,liam.rodriguez1210@example.com,DEPT-PPL,EMP-01255,2022-10-03,41233.66,active
EMP-01211,Ava,Torres,ava.torres1211@example.com,DEPT-LEG,EMP-00031,2019-03-05,53675.96,active
EMP-01212,Lucas,Adams,lucas.adams1212@example.com,DEPT-MKT,EMP-01594,2016-04-17,32865.69,active
EMP-01213,Daniel,Ramirez,daniel.ramirez1213@example.com,DEPT-MKT,EMP-01359,2018-09-18,89559.86,inactive
EMP-01214,Amelia,Lee,amelia.lee1214@example.com,DEPT-OPS,EMP-00676,2025-04-05,66712.44,active
EMP-01215,Emma,Green,emma.green1215@example.com,DEPT-PPL,EMP-00572,2020-11-15,69921.19,active
EMP-01216,Lucas,Sanchez,lucas.sanchez1216@example.com,DEPT-MKT,EMP-01359,2024-11-23,88720.47,terminated
EMP-01217,Leo,Wilson,leo.wilson1217@example.com,DEPT-SUP,,2025-06-08,92106.78,terminated
EMP-01218,Zoe,Miller,zoe.miller1218@example.com,DEPT-SAL,EMP-01433,2023-05-12,71310.87,active
EMP-01219,Emily,Walker,emily.walker1219@example.com,DEPT-LEG,EMP-00861,2024-12-05,85182.54,active
EMP-01220,Emma,Taylor,emma.taylor1220@example.com,DEPT-ENG,EMP-01770,2024-07-27,37074.98,inactive
EMP-01221,Sophia,Martin,sophia.martin1221@example.com,DEPT-OPS,,2023-09-23,119617.28,active
EMP-01222,Daniel,Young,daniel.young1222@example.com,DEPT-SAL,EMP-01612,2022-05-10,106917.19,terminated
EMP-01223,Hazel,Jones,hazel.jones1223@example.com,DEPT-ENG,EMP-00479,2022-09-11,94251.50,active
EMP-01224,Nathan,Clark,nathan.clark1224@example.com,DEPT-FIN,EMP-00132,2025-05-10,66567.31,active
EMP-01225,Scarlett,King,scarlett.king1225@example.com,DEPT-MKT,EMP-00255,2020-03-19,68818.43,active
EMP-01226,Amelia,Jackson,amelia.jackson1226@example.com,DEPT-SUP,EMP-01477,2018-08-13,70025.56,active
EMP-01227,Emily,Jackson,emily.jackson1227@example.com,DEPT-PPL,EMP-00787,2022-07-16,43601.64,inactive
EMP-01228,Jack,Ramirez,jack.ramirez1228@example.com,DEPT-LEG,EMP-01646,2020-04-02,87522.15,active
EMP-01229,Grace,Allen,grace.allen1229@example.com,DEPT-ENG,EMP-01504,2023-10-08,40332.20,active
EMP-01230,Owen,Jackson,owen.jackson1230@example.com,DEPT-FIN,EMP-01648,2025-11-01,50045.84,inactive
EMP-01231,James,Flores,james.flores1231@example.com,DEPT-OPS,EMP-00486,2020-05-22,107596.46,active
EMP-01232,Owen,White,owen.white1232@example.com,DEPT-SAL,EMP-01257,2019-11-16,38797.54,active
EMP-01233,Liam,Allen,liam.allen1233@example.com,DEPT-LEG,EMP-01491,2018-03-04,36783.47,terminated
EMP-01234,Zoe,Jackson,zoe.jackson1234@example.com,DEPT-PPL,EMP-00996,2023-03-04,57228.32,active
EMP-01235,Oliver,Sanchez,oliver.sanchez1235@example.com,DEPT-MKT,EMP-01359,2025-05-08,113529.61,active
EMP-01236,Isaac,Flores,isaac.flores1236@example.com,DEPT-SAL,EMP-01186,2021-08-10,30343.06,inactive
EMP-01237,Mia,Thomas,mia.thomas1237@example.com,DEPT-MKT,EMP-01359,2021-03-22,34409.68,active
EMP-01238,Zoe,Green,zoe.green1238@example.com,DEPT-FIN,EMP-01518,2016-01-09,103043.83,active
EMP-01239,Emma,Jones,emma.jones1239@example.com,DEPT-FIN,EMP-00132,2021-10-09,100486.04,inactive
EMP-01240,Sam,Hill,sam.hill1240@example.com,DEPT-FIN,EMP-00700,2017-10-20,104627.17,active
EMP-01241,Lucas,Jackson,lucas.jackson1241@example.com,DEPT-SAL,EMP-00295,2023-11-27,85516.44,active
EMP-01242,Ethan,Garcia,ethan.garcia1242@example.com,DEPT-SAL,EMP-01662,2020-11-10,38698.61,terminated
EMP-01243,Aiden,Clark,aiden.clark1243@example.com,DEPT-SUP,EMP-01477,2024-11-28,38357.89,active
EMP-01244,Abigail,Scott,abigail.scott1244@example.com,DEPT-SAL,EMP-01186,2016-03-24,106151.67,terminated
EMP-01245,Zoe,Smith,zoe.smith1245@example.com,DEPT-OPS,EMP-00339,2022-06-16,80349.01,active
EMP-01246,Nathan,Walker,nathan.walker1246@example.com,DEPT-ENG,EMP-01973,2021-03-11,82999.86,active
EMP-01247,Nathan,Robinson,nathan.robinson1247@example.com,DEPT-MKT,EMP-00334,2023-01-21,110819.61,inactive
EMP-01248,Nora,Johnson,nora.johnson1248@example.com,DEPT-SUP,EMP-01217,2024-05-23,54678.84,active
EMP-01249,Theo,Rodriguez,theo.rodriguez1249@example.com,DEPT-OPS,EMP-01689,2019-09-03,109468.67,active
EMP-01250,Liam,Jackson,liam.jackson1250@example.com,DEPT-LEG,EMP-01592,2020-12-23,41040.95,inactive
EMP-01251,Elijah,Nelson,elijah.nelson1251@example.com,DEPT-MKT,EMP-01444,2018-09-21,34814.34,active
EMP-01252,Nathan,Smith,nathan.smith1252@example.com,DEPT-OPS,EMP-00339,2021-12-16,60800.96,active
EMP-01253,Emma,Rodriguez,emma.rodriguez1253@example.com,DEPT-OPS,EMP-00676,2023-03-25,113938.06,inactive
EMP-01254,Mason,Scott,mason.scott1254@example.com,DEPT-PPL,,2016-10-01,39151.88,active
EMP-01255,Emily,Hill,emily.hill1255@example.com,DEPT-PPL,,2025-11-21,102152.46,active
EMP-01256,Oliver,Scott,oliver.scott1256@example.com,DEPT-ENG,EMP-01170,2019-03-22,78927.54,active
EMP-01257,Hazel,Williams,hazel.williams1257@example.com,DEPT-SAL,,2021-10-23,113940.24,terminated
EMP-01258,Ella,Jackson,ella.jackson1258@example.com,DEPT-FIN,EMP-00700,2025-11-23,91358.12,active
EMP-01259,Grace,White,grace.white1259@example.com,DEPT-PPL,EMP-01801,2018-12-18,108834.75,active
EMP-01260,Amelia,Johnson,amelia.johnson1260@example.com,DEPT-SUP,EMP-00693,2024-09-24,112223.18,active
EMP-01261,Elijah,Thompson,elijah.thompson1261@example.com,DEPT-PPL,EMP-00787,2024-04-28,61860.35,terminated
EMP-01262,Noah,Wright,noah.wright1262@example.com,DEPT-OPS,EMP-01782,2017-11-09,57846.37,active
EMP-01263,Victoria,Nelson,victoria.nelson1263@example.com,DEPT-SAL,EMP-01257,2017-07-14,92459.89,active
EMP-01264,Aria,Martinez,aria.martinez1264@example.com,DEPT-LEG,EMP-01771,2018-03-18,53105.94,active
EMP-01265,Sophia,Nguyen,sophia.nguyen1265@example.com,DEPT-FIN,EMP-01518,2020-11-21,96878.52,active
EMP-01266,Hazel,Davis,hazel.davis1266@example.com,DEPT-ENG,EMP-00326,2018-09-19,46457.96,inactive
EMP-01267,Elijah,Wilson,elijah.wilson1267@example.com,DEPT-ENG,EMP-01094,2020-12-01,58914.31,active
EMP-01268,Emma,Davis,emma.davis1268@example.com,DEPT-OPS,EMP-00408,2022-01-27,33701.97,inactive
EMP-01269,Noah,Brown,noah.brown1269@example.com,DEPT-MKT,EMP-01444,2025-01-15,37087.68,active
EMP-01270,Aiden,Davis,aiden.davis1270@example.com,DEPT-OPS,EMP-00486,2020-05-02,87548.14,terminated
EMP-01271,Evelyn,Anderson,evelyn.anderson1271@example.com,DEPT-FIN,EMP-00132,2022-11-15,66256.09,active
EMP-01272,Ethan,Jones,ethan.jones1272@example.com,DEPT-PPL,EMP-01801,2023-05-02,99860.29,active
EMP-01273,Ava,Lee,ava.lee1273@example.com,DEPT-ENG,EMP-00326,2023-12-10,83772.52,inactive
EMP-01274,Lily,Nguyen,lily.nguyen1274@example.com,DEPT-PPL,EMP-00996,2022-12-09,62751.99,active
EMP-01275,Emma,Anderson,emma.anderson1275@example.com,DEPT-PPL,EMP-00277,2017-10-22,75068.79,inactive
EMP-01276,Amelia,Walker,amelia.walker1276@example.com,DEPT-SAL,EMP-01257,2021-06-12,32505.76,active
EMP-01277,Lily,Nguyen,lily.nguyen1277@example.com,DEPT-ENG,EMP-01973,2018-05-04,30280.91,terminated
EMP-01278,Grace,Young,grace.young1278@example.com,DEPT-MKT,EMP-00255,2020-07-06,82517.98,active
EMP-01279,Emily,Anderson,emily.anderson1279@example.com,DEPT-PPL,EMP-00277,2025-01-16,58627.24,inactive
EMP-01280,Mason,Robinson,mason.robinson1280@example.com,DEPT-SUP,EMP-01477,2018-10-23,82768.90,active
EMP-01281,Evelyn,King,evelyn.king1281@example.com,DEPT-OPS,EMP-00679,2025-02-12,40682.68,terminated
EMP-01282,Daniel,Brown,daniel.brown1282@example.com,DEPT-SUP,EMP-00662,2016-12-07,60908.97,active
EMP-01283,Zoe,Garcia,zoe.garcia1283@example.com,DEPT-SAL,EMP-01186,2018-01-23,33910.49,active
EMP-01284,Emily,Taylor,emily.taylor1284@example.com,DEPT-SAL,EMP-01911,2023-11-12,35280.74,active
EMP-01285,Scarlett,King,scarlett.king1285@example.com,DEPT-FIN,EMP-00132,2019-06-20,32189.38,inactive
EMP-01286,Benjamin,Rodriguez,benjamin.rodriguez1286@example.com,DEPT-ENG,EMP-01973,2018-04-11,89746.20,active
EMP-01287,Benjamin,Moore,benjamin.moore1287@example.com,DEPT-FIN,EMP-00700,2021-10-22,49659.60,active
EMP-01288,Nora,Robinson,nora.robinson1288@example.com,DEPT-LEG,EMP-00861,2017-09-04,33484.06,active
EMP-01289,Aria,Adams,aria.adams1289@example.com,DEPT-SUP,EMP-00693,2018-05-14,77129.11,active
EMP-01290,Chloe,Adams,chloe.adams1290@example.com,DEPT-SUP,EMP-01073,2022-08-07,42566.94,terminated
EMP-01291,Layla,Williams,layla.williams1291@example.com,DEPT-LEG,EMP-01592,2023-08-18,31476.58,inactive
EMP-01292,Sophia,Martin,sophia.martin1292@example.com,DEPT-ENG,EMP-01973,2025-11-09,35270.87,active
EMP-01293,Lucas,Adams,lucas.adams1293@example.com,DEPT-LEG,EMP-00861,2024-01-08,99383.69,terminated
EMP-01294,Benjamin,Lee,benjamin.lee1294@example.com,DEPT-MKT,EMP-00255,2018-04-24,57291.96,terminated
EMP-01295,Harper,Wright,harper.wright1295@example.com,DEPT-SUP,EMP-00870,2019-03-22,33722.86,active
EMP-01296,Mia,Rodriguez,mia.rodriguez1296@example.com,DEPT-LEG,EMP-00031,2021-12-27,95951.35,terminated
EMP-01297,Nora,Scott,nora.scott1297@example.com,DEPT-ENG,EMP-01973,2024-03-27,107091.72,active
EMP-01298,Abigail,King,abigail.king1298@example.com,DEPT-SAL,EMP-01186,2024-02-11,83728.30,active
EMP-01299,Zoe,Walker,zoe.walker1299@example.com,DEPT-SAL,EMP-01668,2019-10-28,30571.45,active
EMP-01300,Jack,Taylor,jack.taylor1300@example.com,DEPT-MKT,EMP-00255,2021-05-03,71480.96,inactive
EMP-01301,Victoria,Robinson,victoria.robinson1301@example.com,DEPT-ENG,EMP-01504,2017-08-25,60188.49,terminated
EMP-01302,Evelyn,Thompson,evelyn.thompson1302@example.com,DEPT-OPS,EMP-01782,2023-02-19,111037.18,terminated
EMP-01303,Scarlett,Green,scarlett.green1303@example.com,DEPT-MKT,EMP-01359,2018-02-21,105214.61,active
EMP-01304,Benjamin,Perez,benjamin.perez1304@example.com,DEPT-OPS,EMP-01067,2022-06-10,68426.15,active
EMP-01305,Noah,Johnson,noah.johnson1305@example.com,DEPT-FIN,EMP-00683,2020-06-27,70632.67,terminated
EMP-01306,Isaac,Williams,isaac.williams1306@example.com,DEPT-LEG,EMP-01491,2019-07-11,41394.38,terminated
EMP-01307,Liam,White,liam.white1307@example.com,DEPT-SUP,EMP-00662,2023-09-01,108600.81,active
EMP-01308,Layla,White,layla.white1308@example.com,DEPT-FIN,EMP-00980,2025-12-23,35920.48,active
EMP-01309,Lucas,Williams,lucas.williams1309@example.com,DEPT-ENG,EMP-01770,2016-07-03,70974.57,terminated
EMP-01310,Amelia,Moore,amelia.moore1310@example.com,DEPT-ENG,EMP-01770,2023-11-27,32204.88,active
EMP-01311,Noah,Wilson,noah.wilson1311@example.com,DEPT-SAL,EMP-01668,2016-10-18,33124.07,active
EMP-01312,Mia,Lewis,mia.lewis1312@example.com,DEPT-FIN,EMP-00132,2022-02-05,55116.61,inactive
EMP-01313,Chloe,Clark,chloe.clark1313@example.com,DEPT-FIN,EMP-00582,2018-10-04,71375.03,active
EMP-01314,Zoe,Wright,zoe.wright1314@example.com,DEPT-MKT,EMP-01359,2022-02-03,57031.73,active
EMP-01315,Liam,Wilson,liam.wilson1315@example.com,DEPT-MKT,EMP-00255,2025-03-07,61442.35,terminated
EMP-01316,James,Scott,james.scott1316@example.com,DEPT-OPS,EMP-00076,2021-06-07,73861.12,active
EMP-01317,Amelia,Moore,amelia.moore1317@example.com,DEPT-PPL,EMP-00572,2024-07-16,71246.20,active
EMP-01318,Theo,Nguyen,theo.nguyen1318@example.com,DEPT-MKT,EMP-00334,2025-10-15,66447.19,inactive
EMP-01319,Sophia,Green,sophia.green1319@example.com,DEPT-SUP,EMP-01217,2021-05-21,76986.51,active
EMP-01320,Victoria,Wright,victoria.wright1320@example.com,DEPT-SUP,EMP-00662,2021-05-04,38041.67,active
EMP-01321,Mason,Scott,mason.scott1321@example.com,DEPT-ENG,EMP-01170,2021-02-09,106829.10,active
EMP-01322,Layla,Moore,layla.moore1322@example.com,DEPT-PPL,EMP-01254,2018-09-01,40033.10,active
EMP-01323,Victoria,Torres,victoria.torres1323@example.com,DEPT-FIN,EMP-01340,2025-08-15,111777.79,active
EMP-01324,Ethan,White,ethan.white1324@example.com,DEPT-PPL,EMP-00592,2021-06-27,86266.01,active
EMP-01325,Aria,Thomas,aria.thomas1325@example.com,DEPT-OPS,EMP-00339,2018-10-24,61201.85,inactive
EMP-01326,Nora,Davis,nora.davis1326@example.com,DEPT-ENG,EMP-00326,2024-08-13,84197.24,active
EMP-01327,Lucas,White,lucas.white1327@example.com,DEPT-OPS,EMP-01782,2019-02-17,92156.44,inactive
EMP-01328,Noah,Scott,noah.scott1328@example.com,DEPT-SAL,EMP-00664,2018-12-18,79703.44,terminated
EMP-01329,Liam,Moore,liam.moore1329@example.com,DEPT-ENG,EMP-01170,2020-10-03,53729.69,active
EMP-01330,Aria,Thompson,aria.thompson1330@example.com,DEPT-PPL,EMP-00787,2022-11-07,57491.31,terminated
EMP-01331,Mia,Young,mia.young1331@example.com,DEPT-FIN,EMP-00603,2025-07-03,93162.01,active
EMP-01332,Lily,Anderson,lily.anderson1332@example.com,DEPT-ENG,EMP-01504,2025-09-15,109467.09,inactive
EMP-01333,Mia,Adams,mia.adams1333@example.com,DEPT-PPL,EMP-00277,2020-05-04,106710.16,terminated
EMP-01334,Matthew,Flores,matthew.flores1334@example.com,DEPT-SAL,EMP-01668,2020-07-10,42410.97,active
EMP-01335,Sam,Nguyen,sam.nguyen1335@example.com,DEPT-FIN,EMP-01576,2022-07-28,49591.46,inactive
EMP-01336,Noah,Ramirez,noah.ramirez1336@example.com,DEPT-FIN,EMP-00603,2017-05-13,78920.00,active
EMP-01337,Daniel,Brown,daniel.brown1337@example.com,DEPT-FIN,EMP-01340,2024-01-21,38545.40,active
EMP-01338,Mia,Lee,mia.lee1338@example.com,DEPT-OPS,EMP-00408,2022-07-19,105958.60,inactive
EMP-01339,Scarlett,Ramirez,scarlett.ramirez1339@example.com,DEPT-PPL,EMP-01254,2024-04-10,102666.48,inactive
EMP-01340,Henry,Lewis,henry.lewis1340@example.com,DEPT-FIN,,2024-09-04,90641.30,inactive
EMP-01341,Amelia,Allen,amelia.allen1341@example.com,DEPT-SAL,EMP-01257,2020-10-01,110163.44,inactive
EMP-01342,Abigail,Rodriguez,abigail.rodriguez1342@example.com,DEPT-FIN,EMP-00683,2017-06-02,98414.63,active
EMP-01343,Emily,Scott,emily.scott1343@example.com,DEPT-SUP,EMP-00662,2020-09-26,41942.05,terminated
EMP-01344,Ella,Thomas,ella.thomas1344@example.com,DEPT-ENG,EMP-01170,2016-02-28,47211.56,active
EMP-01345,Sam,Johnson,sam.johnson1345@example.com,DEPT-SUP,EMP-00870,2024-11-16,59586.73,inactive
EMP-01346,Oliver,Taylor,oliver.taylor1346@example.com,DEPT-FIN,EMP-00683,2020-11-07,53698.43,active
EMP-01347,Ella,Wilson,ella.wilson1347@example.com,DEPT-MKT,EMP-00334,2016-01-07,72530.80,active
EMP-01348,Noah,Williams,noah.williams1348@example.com,DEPT-MKT,EMP-01594,2023-04-21,116853.33,inactive
EMP-01349,Theo,Johnson,theo.johnson1349@example.com,DEPT-OPS,EMP-01806,2019-05-01,70060.57,terminated
EMP-01350,Layla,Walker,layla.walker1350@example.com,DEPT-SAL,EMP-01704,2021-11-04,44346.86,active
EMP-01351,James,Jones,james.jones1351@example.com,DEPT-ENG,EMP-01094,2024-04-04,76314.97,active
EMP-01352,Theo,Clark,theo.clark1352@example.com,DEPT-SUP,EMP-01477,2016-09-13,35651.93,active
EMP-01353,Noah,Torres,noah.torres1353@example.com,DEPT-PPL,EMP-00787,2017-07-27,48990.52,active
EMP-01354,Daniel,Green,daniel.green1354@example.com,DEPT-SAL,EMP-00295,2024-11-25,39292.55,terminated
EMP-01355,Owen,Moore,owen.moore1355@example.com,DEPT-OPS,EMP-00486,2020-10-25,68070.17,active
EMP-01356,Emma,Nelson,emma.nelson1356@example.com,DEPT-OPS,EMP-01782,2019-03-10,117892.46,terminated
EMP-01357,Abigail,Scott,abigail.scott1357@example.com,DEPT-PPL,EMP-00787,2020-12-25,114662.36,active
EMP-01358,Emma,Wilson,emma.wilson1358@example.com,DEPT-ENG,EMP-01504,2019-07-24,88962.01,inactive
EMP-01359,Mia,Johnson,mia.johnson1359@example.com,DEPT-MKT,,2024-10-03,60530.04,active
EMP-01360,Sam,Martin,sam.martin1360@example.com,DEPT-MKT,EMP-01594,2016-03-28,66432.41,inactive
EMP-01361,Henry,Thomas,henry.thomas1361@example.com,DEPT-ENG,EMP-00326,2024-10-08,92511.90,active
EMP-01362,Abigail,Smith,abigail.smith1362@example.com,DEPT-SUP,EMP-01217,2025-05-02,82835.20,inactive
EMP-01363,Nora,White,nora.white1363@example.com,DEPT-SAL,EMP-00879,2021-03-26,46397.10,active
EMP-01364,Sophia,Torres,sophia.torres1364@example.com,DEPT-LEG,EMP-00812,2017-01-16,100028.75,terminated
EMP-01365,Nora,Walker,nora.walker1365@example.com,DEPT-SAL,EMP-01662,2024-03-19,70543.77,active
EMP-01366,Nathan,Green,nathan.green1366@example.com,DEPT-SUP,EMP-00432,2022-09-23,45441.48,terminated
EMP-01367,Layla,Martin,layla.martin1367@example.com,DEPT-MKT,EMP-00334,2017-03-21,45904.41,inactive
EMP-01368,Harper,Green,harper.green1368@example.com,DEPT-ENG,EMP-01973,2024-07-28,100723.95,active
EMP-01369,Theo,Anderson,theo.anderson1369@example.com,DEPT-MKT,EMP-01444,2018-03-17,54318.48,active
EMP-01370,Evelyn,Hill,evelyn.hill1370@example.com,DEPT-SUP,EMP-01073,2016-11-20,95510.22,inactive
EMP-01371,Noah,Davis,noah.davis1371@example.com,DEPT-OPS,EMP-01567,2018-07-13,94681.64,terminated
EMP-01372,Benjamin,Martinez,benjamin.martinez1372@example.com,DEPT-FIN,EMP-00980,2023-08-09,44299.31,active
EMP-01373,Lily,White,lily.white1373@example.com,DEPT-SUP,EMP-01477,2023-06-10,118962.94,active
EMP-01374,Noah,Martinez,noah.martinez1374@example.com,DEPT-FIN,EMP-00683,2025-05-18,34419.11,active
EMP-01375,Ava,Ramirez,ava.ramirez1375@example.com,DEPT-MKT,EMP-01359,2019-05-21,66700.22,active
EMP-01376,Aria,Garcia,aria.garcia1376@example.com,DEPT-FIN,EMP-01648,2021-03-15,75846.60,active
EMP-01377,Ella,Martinez,ella.martinez1377@example.com,DEPT-FIN,EMP-00603,2016-04-10,89119.89,active
EMP-01378,Sophia,Allen,sophia.allen1378@example.com,DEPT-SUP,EMP-01073,2020-07-11,64741.81,active
EMP-01379,Henry,Anderson,henry.anderson1379@example.com,DEPT-PPL,EMP-00996,2023-12-24,85944.46,active
EMP-01380,Abigail,Harris,abigail.harris1380@example.com,DEPT-OPS,EMP-01689,2024-03-08,53031.15,inactive
EMP-01381,Zoe,Rodriguez,zoe.rodriguez1381@example.com,DEPT-ENG,EMP-01770,2018-11-26,93724.96,active
EMP-01382,Lily,Young,lily.young1382@example.com,DEPT-PPL,EMP-00592,2021-04-17,64829.96,terminated
EMP-01383,Aria,Perez,aria.perez1383@example.com,DEPT-ENG,EMP-01197,2024-11-01,42392.49,inactive
EMP-01384,Grace,Brown,grace.brown1384@example.com,DEPT-ENG,EMP-01504,2024-03-07,52199.71,terminated
EMP-01385,Theo,Wilson,theo.wilson1385@example.com,DEPT-SUP,EMP-00870,2017-03-08,62595.19,active
EMP-01386,Daniel,Walker,daniel.walker1386@example.com,DEPT-ENG,EMP-00479,2025-09-17,36079.43,terminated
EMP-01387,Nathan,Anderson,nathan.anderson1387@example.com,DEPT-SAL,EMP-01668,2023-12-06,104824.56,inactive
EMP-01388,Theo,Garcia,theo.garcia1388@example.com,DEPT-LEG,EMP-00107,2019-08-04,65451.65,active
EMP-01389,Chloe,Lewis,chloe.lewis1389@example.com,DEPT-ENG,EMP-01094,2023-09-23,83728.75,active
EMP-01390,Zoe,Brown,zoe.brown1390@example.com,DEPT-LEG,EMP-00107,2018-03-26,84518.54,active
EMP-01391,Ethan,Young,ethan.young1391@example.com,DEPT-MKT,EMP-01359,2019-11-12,37463.37,active
EMP-01392,Sophia,Nelson,sophia.nelson1392@example.com,DEPT-ENG,EMP-01973,2022-01-07,46985.01,terminated
EMP-01393,Evelyn,Johnson,evelyn.johnson1393@example.com,DEPT-ENG,EMP-01197,2024-09-14,68282.21,inactive
EMP-01394,Elijah,Clark,elijah.clark1394@example.com,DEPT-LEG,EMP-00031,2023-09-22,109338.99,active
EMP-01395,Ethan,Adams,ethan.adams1395@example.com,DEPT-LEG,EMP-01726,2024-07-28,73622.88,active
EMP-01396,Lucas,Williams,lucas.williams1396@example.com,DEPT-ENG,EMP-01770,2019-02-11,112697.82,terminated
EMP-01397,Theo,Ramirez,theo.ramirez1397@example.com,DEPT-SUP,EMP-00662,2022-11-13,33391.00,active
EMP-01398,Liam,Adams,liam.adams1398@example.com,DEPT-SUP,EMP-01073,2022-09-17,41089.18,active
EMP-01399,Henry,Walker,henry.walker1399@example.com,DEPT-FIN,EMP-00683,2023-08-16,102329.13,active
EMP-01400,Grace,Clark,grace.clark1400@example.com,DEPT-SAL,EMP-01662,2017-06-19,117559.76,active
EMP-01401,Layla,Adams,layla.adams1401@example.com,DEPT-SAL,EMP-01704,2022-05-21,79625.03,terminated
EMP-01402,Henry,Taylor,henry.taylor1402@example.com,DEPT-FIN,EMP-00683,2018-06-02,74813.62,active
EMP-01403,Mia,King,mia.king1403@example.com,DEPT-FIN,EMP-01576,2020-04-07,47148.48,active
EMP-01404,Owen,Wilson,owen.wilson1404@example.com,DEPT-OPS,EMP-01221,2025-11-08,86994.70,active
EMP-01405,Lily,Sanchez,lily.sanchez1405@example.com,DEPT-SUP,EMP-01217,2017-07-21,33208.09,inactive
EMP-01406,Hazel,Ramirez,hazel.ramirez1406@example.com,DEPT-OPS,EMP-00018,2021-03-12,68214.97,inactive
EMP-01407,Lucas,Johnson,lucas.johnson1407@example.com,DEPT-PPL,EMP-00572,2025-06-25,87333.70,active
EMP-01408,Hazel,Williams,hazel.williams1408@example.com,DEPT-SUP,EMP-00432,2024-03-10,72051.38,active
EMP-01409,Sophia,Hill,sophia.hill1409@example.com,DEPT-SAL,EMP-01433,2021-05-17,54188.68,active
EMP-01410,Victoria,Walker,victoria.walker1410@example.com,DEPT-SAL,EMP-01704,2025-08-15,113161.76,active
EMP-01411,Harper,Taylor,harper.taylor1411@example.com,DEPT-FIN,EMP-01648,2025-06-15,63796.36,terminated
EMP-01412,Mia,Lewis,mia.lewis1412@example.com,DEPT-OPS,EMP-00990,2018-11-16,92842.07,terminated
EMP-01413,Layla,Taylor,layla.taylor1413@example.com,DEPT-FIN,EMP-00132,2024-04-18,70969.19,active
EMP-01414,Emily,Garcia,emily.garcia1414@example.com,DEPT-MKT,EMP-01594,2020-12-17,30378.88,active
EMP-01415,Zoe,Clark,zoe.clark1415@example.com,DEPT-OPS,EMP-01567,2025-08-02,40599.18,active
EMP-01416,Matthew,Perez,matthew.perez1416@example.com,DEPT-SAL,EMP-00295,2019-07-22,103107.08,active
EMP-01417,Nathan,Nelson,nathan.nelson1417@example.com,DEPT-FIN,EMP-00582,2018-12-20,89710.55,inactive
EMP-01418,Hazel,Scott,hazel.scott1418@example.com,DEPT-SUP,EMP-00870,2025-11-18,64343.69,active
EMP-01419,Sam,Lee,sam.lee1419@example.com,DEPT-SAL,EMP-00664,2017-08-15,79432.10,active
EMP-01420,Abigail,Wright,abigail.wright1420@example.com,DEPT-SAL,EMP-00664,2016-07-17,84968.35,terminated
EMP-01421,Owen,Martinez,owen.martinez1421@example.com,DEPT-OPS,EMP-00676,2016-06-20,56801.86,active
EMP-01422,Leo,Smith,leo.smith1422@example.com,DEPT-PPL,EMP-01801,2024-05-11,75150.73,terminated
EMP-01423,Grace,Wright,grace.wright1423@example.com,DEPT-PPL,EMP-00787,2019-07-03,53880.96,active
EMP-01424,Matthew,Robinson,matthew.robinson1424@example.com,DEPT-OPS,EMP-00339,2019-08-06,57175.79,active
EMP-01425,Emily,Sanchez,emily.sanchez1425@example.com,DEPT-ENG,EMP-01770,2019-02-14,62385.35,active
EMP-01426,Sophia,Jackson,sophia.jackson1426@example.com,DEPT-LEG,EMP-00482,2019-12-26,93354.65,active
EMP-01427,Noah,Moore,noah.moore1427@example.com,DEPT-ENG,EMP-01504,2017-12-16,117355.19,terminated
EMP-01428,Daniel,Lewis,daniel.lewis1428@example.com,DEPT-ENG,EMP-01770,2022-06-13,112067.30,active
EMP-01429,Ethan,Rodriguez,ethan.rodriguez1429@example.com,DEPT-LEG,EMP-01771,2023-12-23,89275.76,active
EMP-01430,Ethan,Jones,ethan.jones1430@example.com,DEPT-LEG,EMP-01726,2024-04-13,57402.59,terminated
EMP-01431,Henry,Smith,henry.smith1431@example.com,DEPT-SAL,EMP-01668,2021-05-05,103906.40,active
EMP-01432,Leo,Jones,leo.jones1432@example.com,DEPT-SUP,EMP-00693,2025-09-17,107221.08,active
EMP-01433,Benjamin,Johnson,benjamin.johnson1433@example.com,DEPT-SAL,,2021-09-24,68785.35,active
EMP-01434,Harper,Rodriguez,harper.rodriguez1434@example.com,DEPT-FIN,EMP-01518,2019-09-14,117632.51,active
EMP-01435,Grace,Taylor,grace.taylor1435@example.com,DEPT-MKT,EMP-00255,2020-02-07,113733.16,active
EMP-01436,Elijah,Lee,elijah.lee1436@example.com,DEPT-OPS,EMP-01221,2017-10-20,46389.00,active
EMP-01437,Zoe,Jones,zoe.jones1437@example.com,DEPT-OPS,EMP-01689,2023-09-05,76620.91,active
EMP-01438,Victoria,Thompson,victoria.thompson1438@example.com,DEPT-OPS,EMP-00339,2020-02-12,87906.31,inactive
EMP-01439,Harper,Ramirez,harper.ramirez1439@example.com,DEPT-FIN,EMP-00582,2020-03-27,75367.30,active
EMP-01440,Nora,Harris,nora.harris1440@example.com,DEPT-LEG,EMP-00063,2024-10-26,46777.80,active
EMP-01441,James,Miller,james.miller1441@example.com,DEPT-MKT,EMP-01444,2017-06-26,118956.60,active
EMP-01442,Lucas,Wilson,lucas.wilson1442@example.com,DEPT-SAL,EMP-01257,2025-07-01,30872.42,active
EMP-01443,Matthew,Ramirez,matthew.ramirez1443@example.com,DEPT-ENG,EMP-01504,2023-12-16,117991.26,inactive
EMP-01444,Mason,Jones,mason.jones1444@example.com,DEPT-MKT,,2021-07-27,81496.67,inactive
EMP-01445,James,Thomas,james.thomas1445@example.com,DEPT-FIN,EMP-00645,2019-11-10,76074.22,active
EMP-01446,Jack,Nelson,jack.nelson1446@example.com,DEPT-MKT,EMP-01594,2024-11-03,53333.00,active
EMP-01447,Emily,Nelson,emily.nelson1447@example.com,DEPT-SUP,EMP-00432,2017-05-25,70306.72,terminated
EMP-01448,Ava,Robinson,ava.robinson1448@example.com,DEPT-ENG,EMP-01504,2022-04-17,59576.56,terminated
EMP-01449,Jack,Perez,jack.perez1449@example.com,DEPT-MKT,EMP-01444,2022-12-09,84534.79,active
EMP-01450,Mia,Rodriguez,mia.rodriguez1450@example.com,DEPT-PPL,EMP-00572,2016-06-20,48958.23,terminated
EMP-01451,Ella,Young,ella.young1451@example.com,DEPT-SUP,EMP-00907,2021-06-05,89347.55,inactive
EMP-01452,Nathan,Hill,nathan.hill1452@example.com,DEPT-SAL,EMP-01612,2019-04-14,105237.17,active
EMP-01453,Abigail,Anderson,abigail.anderson1453@example.com,DEPT-SUP,EMP-00662,2022-12-15,50469.35,inactive
EMP-01454,Ava,Wright,ava.wright1454@example.com,DEPT-PPL,EMP-00592,2023-09-27,42750.71,active
EMP-01455,Victoria,Brown,victoria.brown1455@example.com,DEPT-OPS,EMP-00676,2017-10-05,108128.83,active
EMP-01456,Zoe,Torres,zoe.torres1456@example.com,DEPT-OPS,EMP-01567,2018-02-08,117392.10,active
EMP-01457,James,Jackson,james.jackson1457@example.com,DEPT-LEG,EMP-00063,2017-06-14,47808.94,active
EMP-01458,Henry,Miller,henry.miller1458@example.com,DEPT-MKT,EMP-01359,2019-01-26,54671.33,active
EMP-01459,Jack,Smith,jack.smith1459@example.com,DEPT-LEG,EMP-01491,2025-04-21,93319.41,active
EMP-01460,Amelia,Robinson,amelia.robinson1460@example.com,DEPT-SUP,EMP-00662,2023-12-19,33046.07,inactive
EMP-01461,Hazel,Martin,hazel.martin1461@example.com,DEPT-FIN,EMP-00603,2025-07-01,76541.80,active
EMP-01462,Aria,Scott,aria.scott1462@example.com,DEPT-SAL,EMP-01662,2020-11-16,84278.57,inactive
EMP-01463,Benjamin,White,benjamin.white1463@example.com,DEPT-LEG,EMP-01726,2020-05-23,63236.91,terminated
EMP-01464,Mason,Anderson,mason.anderson1464@example.com,DEPT-FIN,EMP-00980,2018-08-24,72505.16,active
EMP-01465,Elijah,Jackson,elijah.jackson1465@example.com,DEPT-SAL,EMP-01257,2017-05-16,93496.77,active
EMP-01466,Owen,Davis,owen.davis1466@example.com,DEPT-MKT,EMP-01594,2025-03-08,42903.72,active
EMP-01467,Elijah,Jones,elijah.jones1467@example.com,DEPT-OPS,EMP-01689,2019-03-15,98832.57,inactive
EMP-01468,Ethan,Nelson,ethan.nelson1468@example.com,DEPT-SAL,EMP-01668,2018-12-11,68941.22,inactive
EMP-01469,Aiden,Williams,aiden.williams1469@example.com,DEPT-ENG,EMP-01973,2016-09-19,108016.90,active
EMP-01470,Victoria,King,victoria.king1470@example.com,DEPT-SUP,EMP-00907,2020-09-16,104104.66,terminated
EMP-01471,Liam,Thomas,liam.thomas1471@example.com,DEPT-SUP,EMP-00432,2025-11-28,85023.24,active
EMP-01472,Mason,Clark,mason.clark1472@example.com,DEPT-OPS,,2022-01-21,107412.05,active
EMP-01473,Liam,Flores,liam.flores1473@example.com,DEPT-OPS,EMP-01689,2016-04-12,61674.61,active
EMP-01474,Liam,Jackson,liam.jackson1474@example.com,DEPT-ENG,EMP-00326,2020-06-05,55702.72,terminated
EMP-01475,Lily,White,lily.white1475@example.com,DEPT-LEG,EMP-01726,2024-02-06,61378.63,terminated
EMP-01476,Sophia,Adams,sophia.adams1476@example.com,DEPT-FIN,EMP-01576,2016-10-17,79211.24,active
EMP-01477,Lucas,Sanchez,lucas.sanchez1477@example.com,DEPT-SUP,,2018-05-21,57725.91,active
EMP-01478,Noah,Lewis,noah.lewis1478@example.com,DEPT-FIN,EMP-00603,2022-10-21,76841.89,active
EMP-01479,Amelia,Martinez,amelia.martinez1479@example.com,DEPT-SAL,EMP-00295,2024-10-17,69830.80,active
EMP-01480,Evelyn,Thomas,evelyn.thomas1480@example.com,DEPT-SUP,EMP-00432,2025-05-09,89457.01,terminated
EMP-01481,Jack,Nguyen,jack.nguyen1481@example.com,DEPT-ENG,EMP-00479,2019-06-24,44884.31,active
EMP-01482,Owen,Young,owen.young1482@example.com,DEPT-LEG,EMP-01592,2024-10-26,99580.22,inactive
EMP-01483,Theo,Young,theo.young1483@example.com,DEPT-SUP,EMP-01217,2024-01-09,110342.43,inactive
EMP-01484,Grace,Smith,grace.smith1484@example.com,DEPT-ENG,EMP-01094,2018-06-04,119546.45,active
EMP-01485,Noah,Anderson,noah.anderson1485@example.com,DEPT-ENG,EMP-01504,2024-03-12,50294.11,active
EMP-01486,Victoria,Rodriguez,victoria.rodriguez1486@example.com,DEPT-FIN,EMP-01340,2025-12-18,54921.14,inactive
EMP-01487,Nora,Lewis,nora.lewis1487@example.com,DEPT-MKT,EMP-00334,2016-05-27,71483.64,terminated
EMP-01488,Abigail,Lee,abigail.lee1488@example.com,DEPT-FIN,EMP-00582,2018-07-12,115686.75,active
EMP-01489,Zoe,Lewis,zoe.lewis1489@example.com,DEPT-PPL,EMP-00592,2017-11-16,119756.44,active
EMP-01490,Chloe,Ramirez,chloe.ramirez1490@example.com,DEPT-SAL,EMP-01257,2017-11-07,50337.26,active
EMP-01491,Leo,Davis,leo.davis1491@example.com,DEPT-LEG,,2019-08-16,117726.54,active
EMP-01492,Theo,Robinson,theo.robinson1492@example.com,DEPT-LEG,EMP-01646,2017-09-11,113220.24,terminated
EMP-01493,Daniel,King,daniel.king1493@example.com,DEPT-SUP,EMP-00907,2023-12-19,76404.37,active
EMP-01494,Nora,Lee,nora.lee1494@example.com,DEPT-SUP,EMP-00907,2023-10-18,59450.34,active
EMP-01495,Benjamin,Flores,benjamin.flores1495@example.com,DEPT-PPL,EMP-00960,2016-01-25,58047.20,active
EMP-01496,Zoe,Ramirez,zoe.ramirez1496@example.com,DEPT-SAL,EMP-00879,2023-04-26,100620.06,inactive
EMP-01497,Liam,Adams,liam.adams1497@example.com,DEPT-SAL,EMP-01186,2017-09-05,32301.96,terminated
EMP-01498,Lily,Ramirez,lily.ramirez1498@example.com,DEPT-LEG,EMP-00861,2020-03-10,81049.64,inactive
EMP-01499,Nathan,Miller,nathan.miller1499@example.com,DEPT-FIN,EMP-00980,2021-11-10,53473.53,active
EMP-01500,Oliver,Perez,oliver.perez1500@example.com,DEPT-ENG,EMP-00326,2019-11-07,54004.25,inactive
EMP-01501,Ethan,Lewis,ethan.lewis1501@example.com,DEPT-LEG,EMP-01491,2019-04-04,94843.01,active
EMP-01502,Harper,Martin,harper.martin1502@example.com,DEPT-OPS,EMP-01567,2016-12-01,86778.62,active
EMP-01503,Harper,Adams,harper.adams1503@example.com,DEPT-LEG,EMP-01592,2017-08-20,72992.58,active
EMP-01504,Mia,White,mia.white1504@example.com,DEPT-ENG,,2019-07-09,86146.78,terminated
EMP-01505,Isaac,Moore,isaac.moore1505@example.com,DEPT-ENG,EMP-01973,2024-04-18,41075.37,active
EMP-01506,Sophia,Thompson,sophia.thompson1506@example.com,DEPT-MKT,EMP-00255,2023-01-03,103168.88,active
EMP-01507,Lucas,Perez,lucas.perez1507@example.com,DEPT-LEG,EMP-01771,2021-12-09,84179.76,active
EMP-01508,Daniel,Harris,daniel.harris1508@example.com,DEPT-FIN,EMP-00645,2019-08-15,62794.65,active
EMP-01509,Noah,White,noah.white1509@example.com,DEPT-SUP,EMP-01073,2024-11-25,46758.68,active
EMP-01510,Owen,Martin,owen.martin1510@example.com,DEPT-SAL,EMP-01433,2016-01-10,79196.59,terminated
EMP-01511,Zoe,Davis,zoe.davis1511@example.com,DEPT-MKT,EMP-00255,2025-08-23,114692.95,active
EMP-01512,Harper,Robinson,harper.robinson1512@example.com,DEPT-MKT,EMP-01359,2016-01-09,88031.11,active
EMP-01513,Benjamin,Torres,benjamin.torres1513@example.com,DEPT-SAL,EMP-01186,2018-06-24,74745.55,active
EMP-01514,Benjamin,Allen,benjamin.allen1514@example.com,DEPT-LEG,EMP-00482,2025-06-28,110933.81,inactive
EMP-01515,Benjamin,Martinez,benjamin.martinez1515@example.com,DEPT-SUP,EMP-00870,2021-09-17,64717.10,active
EMP-01516,Abigail,Clark,abigail.clark1516@example.com,DEPT-PPL,EMP-01801,2023-04-13,119013.25,inactive
EMP-01517,Oliver,Scott,oliver.scott1517@example.com,DEPT-ENG,EMP-01770,2023-03-13,99660.75,inactive
EMP-01518,Sam,Nguyen,sam.nguyen1518@example.com,DEPT-FIN,,2020-03-20,77365.64,terminated
EMP-01519,Liam,Perez,liam.perez1519@example.com,DEPT-SUP,EMP-01073,2023-09-23,70355.69,active
EMP-01520,James,King,james.king1520@example.com,DEPT-SAL,EMP-01662,2022-08-13,87795.50,active
EMP-01521,Benjamin,Jackson,benjamin.jackson1521@example.com,DEPT-SAL,EMP-00664,2020-11-16,49323.99,terminated
EMP-01522,Emily,Taylor,emily.taylor1522@example.com,DEPT-PPL,EMP-00592,2021-08-15,75458.67,active
EMP-01523,Nathan,Clark,nathan.clark1523@example.com,DEPT-ENG,EMP-01094,2025-09-23,105237.91,active
EMP-01524,Liam,Nguyen,liam.nguyen1524@example.com,DEPT-LEG,EMP-01646,2018-01-17,33075.99,active
EMP-01525,Victoria,Lewis,victoria.lewis1525@example.com,DEPT-LEG,EMP-01726,2019-10-04,32774.57,active
EMP-01526,Ethan,Ramirez,ethan.ramirez1526@example.com,DEPT-LEG,EMP-00107,2016-10-20,110359.18,active
EMP-01527,Leo,Hill,leo.hill1527@example.com,DEPT-SAL,EMP-01704,2016-05-16,86234.06,active
EMP-01528,Sam,Lee,sam.lee1528@example.com,DEPT-MKT,EMP-01594,2024-03-22,111811.85,active
EMP-01529,Matthew,Flores,matthew.flores1529@example.com,DEPT-ENG,EMP-01504,2018-05-16,60390.41,active
EMP-01530,Henry,Taylor,henry.taylor1530@example.com,DEPT-SUP,EMP-01217,2016-02-20,103829.66,inactive
EMP-01531,Owen,Lewis,owen.lewis1531@example.com,DEPT-FIN,EMP-01648,2016-02-27,31773.19,active
EMP-01532,Isaac,Wilson,isaac.wilson1532@example.com,DEPT-ENG,EMP-01170,2023-05-19,52465.82,inactive
EMP-01533,Amelia,Green,amelia.green1533@example.com,DEPT-SUP,EMP-01073,2022-04-27,57070.48,active
EMP-01534,Emily,Young,emily.young1534@example.com,DEPT-ENG,EMP-01504,2016-04-14,76371.74,inactive
EMP-01535,Emma,Ramirez,emma.ramirez1535@example.com,DEPT-LEG,EMP-01726,2021-06-28,106085.81,terminated
EMP-01536,Emily,Torres,emily.torres1536@example.com,DEPT-LEG,EMP-01726,2018-08-11,86929.36,terminated
EMP-01537,Lucas,Harris,lucas.harris1537@example.com,DEPT-FIN,EMP-00700,2025-01-18,78930.62,inactive
EMP-01538,Hazel,Scott,hazel.scott1538@example.com,DEPT-LEG,EMP-00031,2020-05-09,113671.59,active
EMP-01539,Ava,Brown,ava.brown1539@example.com,DEPT-OPS,EMP-00679,2019-03-10,94425.36,active
EMP-01540,Sophia,Green,sophia.green1540@example.com,DEPT-SAL,EMP-01911,2024-09-07,105237.82,active
EMP-01541,Evelyn,Jackson,evelyn.jackson1541@example.com,DEPT-OPS,EMP-00018,2016-06-24,35586.21,active
EMP-01542,Aiden,Hill,aiden.hill1542@example.com,DEPT-FIN,EMP-00980,2017-05-15,42776.92,active
EMP-01543,Isaac,Jones,isaac.jones1543@example.com,DEPT-MKT,EMP-01359,2025-12-07,82184.15,terminated
EMP-01544,Aria,Williams,aria.williams1544@example.com,DEPT-PPL,EMP-00572,2016-12-04,62979.53,active
EMP-01545,Amelia,Johnson,amelia.johnson1545@example.com,DEPT-SAL,EMP-01704,2025-01-03,36892.28,inactive
EMP-01546,Nora,Clark,nora.clark1546@example.com,DEPT-SUP,EMP-01073,2023-07-06,74912.37,active
EMP-01547,Ethan,Wright,ethan.wright1547@example.com,DEPT-MKT,EMP-00334,2021-05-18,58747.84,active
EMP-01548,Henry,Ramirez,henry.ramirez1548@example.com,DEPT-OPS,EMP-01886,2025-02-08,77607.27,active
EMP-01549,Ava,Nelson,ava.nelson1549@example.com,DEPT-MKT,EMP-01594,2018-12-24,109669.94,terminated
EMP-01550,Hazel,Miller,hazel.miller1550@example.com,DEPT-SAL,EMP-00879,2024-01-12,49099.30,active
EMP-01551,Noah,Miller,noah.miller1551@example.com,DEPT-FIN,EMP-01518,2021-06-03,94031.41,terminated
EMP-01552,Mason,Martin,mason.martin1552@example.com,DEPT-PPL,EMP-00960,2024-11-20,42550.16,active
EMP-01553,Sophia,Nelson,sophia.nelson1553@example.com,DEPT-OPS,EMP-01067,2016-04-23,103334.75,active
EMP-01554,Theo,Sanchez,theo.sanchez1554@example.com,DEPT-FIN,EMP-01518,2017-06-22,91867.39,terminated
EMP-01555,Lily,Adams,lily.adams1555@example.com,DEPT-OPS,EMP-00990,2025-07-02,41083.38,terminated
EMP-01556,Isaac,Martin,isaac.martin1556@example.com,DEPT-SAL,EMP-01662,2018-04-27,85522.50,active
EMP-01557,Elijah,King,elijah.king1557@example.com,DEPT-OPS,EMP-00339,2025-07-20,65446.92,inactive
EMP-01558,Chloe,Allen,chloe.allen1558@example.com,DEPT-SUP,EMP-00870,2021-09-19,77666.49,terminated
EMP-01559,Emily,White,emily.white1559@example.com,DEPT-FIN,EMP-01648,2018-11-13,96808.95,inactive
EMP-01560,Theo,Taylor,theo.taylor1560@example.com,DEPT-LEG,EMP-00482,2023-10-27,31557.43,active
EMP-01561,Mason,Nelson,mason.nelson1561@example.com,DEPT-SUP,EMP-00907,2023-01-26,107671.72,inactive
EMP-01562,Mia,Young,mia.young1562@example.com,DEPT-FIN,EMP-00683,2023-08-04,79642.18,active
EMP-01563,Victoria,Wilson,victoria.wilson1563@example.com,DEPT-PPL,EMP-01254,2019-02-10,38821.74,inactive
EMP-01564,Ella,Anderson,ella.anderson1564@example.com,DEPT-SAL,EMP-01612,2019-05-15,97726.36,active
EMP-01565,Chloe,Taylor,chloe.taylor1565@example.com,DEPT-OPS,EMP-01689,2019-08-18,41625.34,active
EMP-01566,Benjamin,Jones,benjamin.jones1566@example.com,DEPT-SAL,EMP-01612,2019-05-22,82648.41,active
EMP-01567,Mason,Johnson,mason.johnson1567@example.com,DEPT-OPS,,2025-07-23,34038.10,inactive
EMP-01568,Ethan,Taylor,ethan.taylor1568@example.com,DEPT-LEG,EMP-01646,2023-04-15,65725.57,active
EMP-01569,Chloe,Johnson,chloe.johnson1569@example.com,DEPT-LEG,EMP-00063,2023-08-10,48495.24,active
EMP-01570,Henry,Ramirez,henry.ramirez1570@example.com,DEPT-ENG,EMP-00326,2018-11-02,41476.62,active
EMP-01571,Scarlett,Walker,scarlett.walker1571@example.com,DEPT-PPL,EMP-00572,2025-11-20,30343.66,terminated
EMP-01572,Ethan,Harris,ethan.harris1572@example.com,DEPT-PPL,EMP-01255,2024-08-22,36408.18,active
EMP-01573,Henry,Martin,henry.martin1573@example.com,DEPT-FIN,EMP-01340,2018-12-17,39472.59,active
EMP-01574,Mia,Martin,mia.martin1574@example.com,DEPT-FIN,EMP-01576,2016-05-21,30257.40,active
EMP-01575,Zoe,Hill,zoe.hill1575@example.com,DEPT-FIN,EMP-01576,2017-11-22,111482.28,terminated
EMP-01576,Ethan,Clark,ethan.clark1576@example.com,DEPT-FIN,,2022-10-01,47420.11,active
EMP-01577,Isaac,Walker,isaac.walker1577@example.com,DEPT-ENG,EMP-01197,2025-11-16,103272.87,terminated
EMP-01578,Jack,White,jack.white1578@example.com,DEPT-SUP,EMP-00870,2025-11-24,90963.47,active
EMP-01579,Nathan,Wright,nathan.wright1579@example.com,DEPT-MKT,EMP-00334,2016-09-26,96212.54,active
EMP-01580,Scarlett,Green,scarlett.green1580@example.com,DEPT-LEG,EMP-00063,2018-07-25,56366.40,active
EMP-01581,Nathan,Ramirez,nathan.ramirez1581@example.com,DEPT-PPL,EMP-00960,2022-05-03,55814.31,active
EMP-01582,Ava,Perez,ava.perez1582@example.com,DEPT-MKT,EMP-00255,2018-03-24,35822.85,active
EMP-01583,Sophia,Walker,sophia.walker1583@example.com,DEPT-ENG,EMP-01973,2017-07-09,115470.44,inactive
EMP-01584,Mia,Thompson,mia.thompson1584@example.com,DEPT-SAL,EMP-01186,2021-08-26,41998.23,terminated
EMP-01585,Harper,Green,harper.green1585@example.com,DEPT-PPL,EMP-01254,2024-04-06,44192.76,active
EMP-01586,Victoria,Young,victoria.young1586@example.com,DEPT-ENG,EMP-00479,2021-08-07,74406.02,terminated
EMP-01587,Lucas,Green,lucas.green1587@example.com,DEPT-PPL,EMP-01801,2024-05-25,108339.02,terminated
EMP-01588,Amelia,Harris,amelia.harris1588@example.com,DEPT-SAL,EMP-01668,2019-03-01,86689.39,active
EMP-01589,Liam,Martin,liam.martin1589@example.com,DEPT-SAL,EMP-00879,2024-01-01,117260.87,active
EMP-01590,Amelia,Martin,amelia.martin1590@example.com,DEPT-MKT,EMP-00255,2018-04-26,38032.78,active
EMP-01591,Theo,Davis,theo.davis1591@example.com,DEPT-FIN,EMP-00603,2024-07-08,46904.16,active
EMP-01592,Abigail,Thomas,abigail.thomas1592@example.com,DEPT-LEG,,2017-02-17,104736.86,active
EMP-01593,Harper,Martin,harper.martin1593@example.com,DEPT-ENG,EMP-01170,2017-05-04,101913.87,active
EMP-01594,Noah,Williams,noah.williams1594@example.com,DEPT-MKT,,2019-05-04,46471.27,active
EMP-01595,Liam,Young,liam.young1595@example.com,DEPT-MKT,EMP-00334,2017-04-13,36586.00,active
EMP-01596,Jack,Thomas,jack.thomas1596@example.com,DEPT-SUP,EMP-00432,2023-10-20,89829.93,active
EMP-01597,Victoria,Lee,victoria.lee1597@example.com,DEPT-PPL,EMP-00960,2018-10-24,85039.85,active
EMP-01598,Sam,Allen,sam.allen1598@example.com,DEPT-OPS,EMP-01067,2024-05-11,37851.98,active
EMP-01599,Matthew,Williams,matthew.williams1599@example.com,DEPT-FIN,EMP-00132,2022-05-15,85293.50,active
EMP-01600,Liam,Johnson,liam.johnson1600@example.com,DEPT-SUP,EMP-01217,2018-03-03,115984.82,inactive
EMP-01601,Emma,Anderson,emma.anderson1601@example.com,DEPT-SAL,EMP-01911,2025-04-21,117464.86,active
EMP-01602,Isaac,Anderson,isaac.anderson1602@example.com,DEPT-ENG,EMP-01504,2016-06-18,47946.72,active
EMP-01603,Sophia,Nelson,sophia.nelson1603@example.com,DEPT-SAL,EMP-01257,2021-01-15,45734.52,inactive
EMP-01604,Amelia,Wright,amelia.wright1604@example.com,DEPT-FIN,EMP-00582,2022-01-12,118781.22,active
EMP-01605,Theo,Anderson,theo.anderson1605@example.com,DEPT-OPS,EMP-01472,2020-07-19,106958.69,active
EMP-01606,James,Wilson,james.wilson1606@example.com,DEPT-PPL,EMP-00592,2022-08-17,40033.15,inactive
EMP-01607,Zoe,Smith,zoe.smith1607@example.com,DEPT-SAL,EMP-00879,2019-12-26,78320.83,active
EMP-01608,Theo,Walker,theo.walker1608@example.com,DEPT-SAL,EMP-01433,2016-09-01,117354.88,terminated
EMP-01609,Amelia,Perez,amelia.perez1609@example.com,DEPT-OPS,EMP-01886,2024-04-06,38451.31,active
EMP-01610,Jack,Martin,jack.martin1610@example.com,DEPT-LEG,EMP-00861,2022-04-19,79494.06,terminated
EMP-01611,Jack,Miller,jack.miller1611@example.com,DEPT-FIN,EMP-00645,2017-05-11,80728.40,terminated
EMP-01612,Leo,Anderson,leo.anderson1612@example.com,DEPT-SAL,,2021-01-24,87744.11,active
EMP-01613,Daniel,Adams,daniel.adams1613@example.com,DEPT-PPL,EMP-00572,2020-04-04,46560.47,inactive
EMP-01614,Henry,Davis,henry.davis1614@example.com,DEPT-OPS,EMP-00076,2019-01-11,106532.82,active
EMP-01615,Hazel,Brown,hazel.brown1615@example.com,DEPT-SAL,EMP-00295,2023-09-02,86303.35,terminated
EMP-01616,Leo,Young,leo.young1616@example.com,DEPT-ENG,EMP-01170,2018-06-28,89444.21,active
EMP-01617,Lucas,King,lucas.king1617@example.com,DEPT-PPL,EMP-01801,2018-02-12,75484.82,active
EMP-01618,Ava,Robinson,ava.robinson1618@example.com,DEPT-LEG,EMP-00812,2016-05-15,57933.83,active
EMP-01619,Harper,Williams,harper.williams1619@example.com,DEPT-OPS,EMP-01782,2020-05-08,81324.84,terminated
EMP-01620,Nora,Anderson,nora.anderson1620@example.com,DEPT-SUP,EMP-00432,2016-10-15,53333.88,active
EMP-01621,Chloe,Adams,chloe.adams1621@example.com,DEPT-PPL,EMP-00996,2022-03-16,72762.25,terminated
EMP-01622,Lily,Walker,lily.walker1622@example.com,DEPT-OPS,EMP-00679,2024-08-26,37410.48,active
EMP-01623,Oliver,Davis,oliver.davis1623@example.com,DEPT-PPL,EMP-00572,2021-08-12,88519.09,terminated
EMP-01624,Nathan,Robinson,nathan.robinson1624@example.com,DEPT-ENG,EMP-00479,2019-11-28,106530.00,terminated
EMP-01625,Sophia,Brown,sophia.brown1625@example.com,DEPT-MKT,EMP-01594,2025-03-01,60045.88,active
EMP-01626,Grace,Sanchez,grace.sanchez1626@example.com,DEPT-SUP,EMP-01073,2020-07-05,102350.09,active
EMP-01627,Benjamin,Jones,benjamin.jones1627@example.com,DEPT-SAL,EMP-01433,2019-11-09,98593.43,active
EMP-01628,Amelia,Miller,amelia.miller1628@example.com,DEPT-ENG,EMP-00479,2021-11-20,119024.37,terminated
EMP-01629,Emma,Thompson,emma.thompson1629@example.com,DEPT-PPL,EMP-01254,2019-07-20,104514.87,active
EMP-01630,Grace,Nelson,grace.nelson1630@example.com,DEPT-PPL,EMP-00572,2020-05-05,76432.73,active
EMP-01631,Aiden,Allen,aiden.allen1631@example.com,DEPT-MKT,EMP-01594,2018-06-12,48690.43,active
EMP-01632,Hazel,Adams,hazel.adams1632@example.com,DEPT-LEG,EMP-00063,2020-12-04,100938.35,terminated
EMP-01633,Elijah,White,elijah.white1633@example.com,DEPT-SAL,EMP-01433,2020-10-28,82227.06,active
EMP-01634,Emily,Wright,emily.wright1634@example.com,DEPT-PPL,EMP-01255,2020-10-19,76249.29,inactive
EMP-01635,Theo,Brown,theo.brown1635@example.com,DEPT-LEG,EMP-01491,2017-02-09,81213.72,active
EMP-01636,Emma,Martin,emma.martin1636@example.com,DEPT-PPL,EMP-01801,2024-12-05,58918.71,terminated
EMP-01637,James,Anderson,james.anderson1637@example.com,DEPT-OPS,EMP-01806,2019-06-01,30354.39,inactive
EMP-01638,Chloe,Robinson,chloe.robinson1638@example.com,DEPT-SAL,EMP-01186,2018-05-12,79082.78,active
EMP-01639,Ethan,Scott,ethan.scott1639@example.com,DEPT-FIN,EMP-00582,2025-01-10,111254.79,active
EMP-01640,Theo,Allen,theo.allen1640@example.com,DEPT-PPL,EMP-01255,2020-03-25,110336.24,active
EMP-01641,Benjamin,Wilson,benjamin.wilson1641@example.com,DEPT-FIN,EMP-00132,2023-06-23,54013.15,active
EMP-01642,Benjamin,Martin,benjamin.martin1642@example.com,DEPT-LEG,EMP-01646,2025-06-27,37761.37,inactive
EMP-01643,Elijah,White,elijah.white1643@example.com,DEPT-SAL,EMP-00295,2020-03-14,112874.93,inactive
EMP-01644,Sophia,Hill,sophia.hill1644@example.com,DEPT-FIN,EMP-01576,2016-09-08,85779.60,active
EMP-01645,Lucas,Martinez,lucas.martinez1645@example.com,DEPT-SUP,EMP-00662,2022-08-09,67107.09,active
EMP-01646,Victoria,Nguyen,victoria.nguyen1646@example.com,DEPT-LEG,,2020-10-17,52480.29,active
EMP-01647,Matthew,Taylor,matthew.taylor1647@example.com,DEPT-MKT,EMP-00255,2025-06-12,114646.16,active
EMP-01648,Ella,Flores,ella.flores1648@example.com,DEPT-FIN,,2016-12-20,34576.32,active
EMP-01649,Daniel,Flores,daniel.flores1649@example.com,DEPT-ENG,EMP-01504,2022-10-18,115683.63,active
EMP-01650,Layla,Lewis,layla.lewis1650@example.com,DEPT-ENG,EMP-00479,2019-06-16,42641.98,active
EMP-01651,Lily,Perez,lily.perez1651@example.com,DEPT-OPS,EMP-01221,2019-09-09,90847.92,active
EMP-01652,Amelia,Johnson,amelia.johnson1652@example.com,DEPT-FIN,EMP-01576,2021-04-09,95025.16,active
EMP-01653,Ella,Wilson,ella.wilson1653@example.com,DEPT-FIN,EMP-00683,2017-09-19,30179.60,terminated
EMP-01654,Amelia,Walker,amelia.walker1654@example.com,DEPT-FIN,EMP-00700,2024-07-09,77030.71,inactive
EMP-01655,Abigail,White,abigail.white1655@example.com,DEPT-SUP,EMP-01073,2023-01-16,82121.81,terminated
EMP-01656,Hazel,Garcia,hazel.garcia1656@example.com,DEPT-FIN,EMP-00582,2024-03-13,91205.29,active
EMP-01657,Matthew,Martin,matthew.martin1657@example.com,DEPT-MKT,EMP-01444,2019-10-13,79374.55,active
EMP-01658,Noah,Jones,noah.jones1658@example.com,DEPT-PPL,EMP-00572,2024-04-23,32765.95,active
EMP-01659,Mia,Johnson,mia.johnson1659@example.com,DEPT-PPL,EMP-00996,2024-02-26,64232.15,active
EMP-01660,Ethan,Scott,ethan.scott1660@example.com,DEPT-ENG,EMP-01170,2024-03-15,118272.88,active
EMP-01661,Mason,Sanchez,mason.sanchez1661@example.com,DEPT-ENG,EMP-01170,2019-04-11,83129.24,active
EMP-01662,Emily,Brown,emily.brown1662@example.com,DEPT-SAL,,2020-09-04,70280.75,terminated
EMP-01663,Chloe,Jackson,chloe.jackson1663@example.com,DEPT-LEG,EMP-00063,2018-01-21,32177.56,active
EMP-01664,Aria,Lewis,aria.lewis1664@example.com,DEPT-OPS,EMP-01782,2016-01-25,87328.21,inactive
EMP-01665,Victoria,Taylor,victoria.taylor1665@example.com,DEPT-PPL,EMP-01255,2017-02-06,44551.11,active
EMP-01666,Oliver,Garcia,oliver.garcia1666@example.com,DEPT-ENG,EMP-01197,2024-01-13,64047.91,active
EMP-01667,Zoe,Taylor,zoe.taylor1667@example.com,DEPT-PPL,EMP-00277,2019-08-16,80125.35,active
EMP-01668,Daniel,Green,daniel.green1668@example.com,DEPT-SAL,,2021-05-10,79120.25,active
EMP-01669,Oliver,Wilson,oliver.wilson1669@example.com,DEPT-LEG,EMP-01771,2018-12-03,93923.00,active
EMP-01670,Layla,Adams,layla.adams1670@example.com,DEPT-OPS,EMP-00990,2017-10-24,75081.30,active
EMP-01671,Noah,Anderson,noah.anderson1671@example.com,DEPT-OPS,EMP-01567,2017-07-19,105972.03,active
EMP-01672,Oliver,Robinson,oliver.robinson1672@example.com,DEPT-LEG,EMP-01726,2021-11-23,97038.25,active
EMP-01673,Noah,Thompson,noah.thompson1673@example.com,DEPT-OPS,EMP-00990,2016-09-20,66431.97,active
EMP-01674,Grace,Green,grace.green1674@example.com,DEPT-LEG,EMP-01592,2021-10-05,106800.72,active
EMP-01675,Isaac,Brown,isaac.brown1675@example.com,DEPT-LEG,EMP-01726,2016-11-21,44883.86,active
EMP-01676,Owen,Jackson,owen.jackson1676@example.com,DEPT-SAL,EMP-01257,2018-05-22,37817.53,active
EMP-01677,Victoria,Harris,victoria.harris1677@example.com,DEPT-OPS,EMP-01221,2024-11-08,74939.47,active
EMP-01678,Sophia,Jones,sophia.jones1678@example.com,DEPT-ENG,EMP-01504,2021-12-08,63979.58,terminated
EMP-01679,Aria,Thompson,aria.thompson1679@example.com,DEPT-LEG,EMP-00031,2016-04-23,37334.21,active
EMP-01680,Grace,Davis,grace.davis1680@example.com,DEPT-MKT,EMP-00255,2022-07-09,84882.88,active
EMP-01681,Oliver,Robinson,oliver.robinson1681@example.com,DEPT-SAL,EMP-01612,2025-03-14,88916.36,active
EMP-01682,Owen,Wilson,owen.wilson1682@example.com,DEPT-SUP,EMP-01217,2016-06-26,114490.23,active
EMP-01683,Harper,Scott,harper.scott1683@example.com,DEPT-PPL,EMP-01254,2017-11-20,116887.51,inactive
EMP-01684,Emma,Brown,emma.brown1684@example.com,DEPT-SUP,EMP-01217,2020-09-09,53905.12,inactive
EMP-01685,Ella,Wilson,ella.wilson1685@example.com,DEPT-FIN,EMP-00980,2023-03-10,56093.60,active
EMP-01686,Victoria,Martin,victoria.martin1686@example.com,DEPT-SUP,EMP-00432,2016-10-19,116600.44,inactive
EMP-01687,Liam,Scott,liam.scott1687@example.com,DEPT-FIN,EMP-00645,2025-01-19,85592.77,terminated
EMP-01688,Henry,Scott,henry.scott1688@example.com,DEPT-MKT,EMP-01359,2022-12-27,36857.51,terminated
EMP-01689,Grace,Miller,grace.miller1689@example.com,DEPT-OPS,,2023-06-02,83814.35,active
EMP-01690,Victoria,Torres,victoria.torres1690@example.com,DEPT-SUP,EMP-00870,2020-12-24,96421.03,active
EMP-01691,Layla,Jackson,layla.jackson1691@example.com,DEPT-FIN,EMP-00645,2017-04-21,86949.29,inactive
EMP-01692,Ethan,Nelson,ethan.nelson1692@example.com,DEPT-PPL,EMP-00787,2023-12-10,30270.28,active
EMP-01693,James,Anderson,james.anderson1693@example.com,DEPT-PPL,EMP-01255,2020-09-21,58150.07,active
EMP-01694,Matthew,Rodriguez,matthew.rodriguez1694@example.com,DEPT-MKT,EMP-01359,2020-07-19,87243.60,active
EMP-01695,Noah,Green,noah.green1695@example.com,DEPT-ENG,EMP-01197,2025-02-05,68162.81,active
EMP-01696,Sam,Miller,sam.miller1696@example.com,DEPT-PPL,EMP-00960,2020-10-08,63913.19,active
EMP-01697,Zoe,Smith,zoe.smith1697@example.com,DEPT-FIN,EMP-00645,2019-08-22,52967.72,terminated
EMP-01698,Lucas,Lewis,lucas.lewis1698@example.com,DEPT-SAL,EMP-01911,2023-10-04,106264.25,active
EMP-01699,Ella,Flores,ella.flores1699@example.com,DEPT-MKT,EMP-01359,2021-11-22,88188.33,active
EMP-01700,Emma,Thomas,emma.thomas1700@example.com,DEPT-SUP,EMP-01477,2023-05-23,45866.06,terminated
EMP-01701,Nathan,Nguyen,nathan.nguyen1701@example.com,DEPT-LEG,EMP-01491,2017-07-14,94039.15,terminated
EMP-01702,Sam,Wright,sam.wright1702@example.com,DEPT-ENG,EMP-01504,2025-07-22,83320.73,inactive
EMP-01703,Mia,Robinson,mia.robinson1703@example.com,DEPT-FIN,EMP-00645,2019-07-17,80768.68,active
EMP-01704,Theo,Jackson,theo.jackson1704@example.com,DEPT-SAL,,2020-05-15,77606.09,active
EMP-01705,Henry,Smith,henry.smith1705@example.com,DEPT-SUP,EMP-00693,2018-04-25,86303.82,terminated
EMP-01706,Chloe,Thomas,chloe.thomas1706@example.com,DEPT-FIN,EMP-01576,2016-03-02,72178.07,inactive
EMP-01707,Elijah,Green,elijah.green1707@example.com,DEPT-SUP,EMP-00870,2024-01-06,58522.44,active
EMP-01708,Jack,Allen,jack.allen1708@example.com,DEPT-SUP,EMP-01477,2023-01-04,108185.26,terminated
EMP-01709,Jack,Harris,jack.harris1709@example.com,DEPT-ENG,EMP-00326,2024-01-27,77049.55,inactive
EMP-01710,Benjamin,Walker,benjamin.walker1710@example.com,DEPT-ENG,EMP-00326,2021-08-09,117395.45,active
EMP-01711,Nathan,Moore,nathan.moore1711@example.com,DEPT-LEG,EMP-01726,2024-07-11,31659.91,terminated
EMP-01712,Ella,Walker,ella.walker1712@example.com,DEPT-ENG,EMP-01504,2017-03-04,30319.71,terminated
EMP-01713,Leo,Nelson,leo.nelson1713@example.com,DEPT-MKT,EMP-00334,2019-01-16,73074.61,active
EMP-01714,Emily,Ramirez,emily.ramirez1714@example.com,DEPT-ENG,EMP-01094,2021-05-09,88870.34,terminated
EMP-01715,Ethan,Martin,ethan.martin1715@example.com,DEPT-LEG,EMP-00063,2021-02-05,62403.66,active
EMP-01716,Nathan,Johnson,nathan.johnson1716@example.com,DEPT-FIN,EMP-00645,2024-06-12,80540.34,active
EMP-01717,Evelyn,Johnson,evelyn.johnson1717@example.com,DEPT-OPS,EMP-00339,2024-08-23,90130.10,active
EMP-01718,Harper,Clark,harper.clark1718@example.com,DEPT-OPS,EMP-00076,2020-01-25,100294.35,inactive
EMP-01719,James,Allen,james.allen1719@example.com,DEPT-LEG,EMP-00063,2024-01-16,66146.87,active
EMP-01720,Noah,Brown,noah.brown1720@example.com,DEPT-PPL,EMP-00996,2021-03-10,31118.40,inactive
EMP-01721,Jack,Green,jack.green1721@example.com,DEPT-PPL,EMP-00277,2017-12-18,118192.08,terminated
EMP-01722,Lily,Martin,lily.martin1722@example.com,DEPT-MKT,EMP-01594,2017-09-13,54197.77,active
EMP-01723,Lily,Allen,lily.allen1723@example.com,DEPT-SUP,EMP-00662,2022-06-20,46017.63,inactive
EMP-01724,Benjamin,Young,benjamin.young1724@example.com,DEPT-SAL,EMP-00664,2024-12-25,111682.27,terminated
EMP-01725,Jack,Harris,jack.harris1725@example.com,DEPT-SUP,EMP-00870,2024-08-26,79204.49,active
EMP-01726,Benjamin,Nguyen,benjamin.nguyen1726@example.com,DEPT-LEG,,2023-12-15,33416.50,terminated
EMP-01727,Theo,Anderson,theo.anderson1727@example.com,DEPT-OPS,EMP-00679,2020-12-21,87215.29,active
EMP-01728,Scarlett,Taylor,scarlett.taylor1728@example.com,DEPT-MKT,EMP-01594,2021-05-18,34819.03,active
EMP-01729,Oliver,Harris,oliver.harris1729@example.com,DEPT-OPS,EMP-00735,2019-06-25,42213.24,active
EMP-01730,Benjamin,Brown,benjamin.brown1730@example.com,DEPT-ENG,EMP-01170,2025-06-13,37592.14,inactive
EMP-01731,Sophia,Lewis,sophia.lewis1731@example.com,DEPT-LEG,EMP-00031,2023-08-15,46655.72,active
EMP-01732,Elijah,Smith,elijah.smith1732@example.com,DEPT-SUP,EMP-01073,2021-11-07,97943.80,active
EMP-01733,Ethan,Jackson,ethan.jackson1733@example.com,DEPT-LEG,EMP-00063,2024-07-20,66441.28,active
EMP-01734,Benjamin,Walker,benjamin.walker1734@example.com,DEPT-PPL,EMP-00277,2023-10-08,44005.08,active
EMP-01735,Daniel,Wilson,daniel.wilson1735@example.com,DEPT-MKT,EMP-01444,2021-05-20,104044.41,terminated
EMP-01736,Sophia,Thompson,sophia.thompson1736@example.com,DEPT-MKT,EMP-00255,2024-07-13,88819.28,active
EMP-01737,Henry,Brown,henry.brown1737@example.com,DEPT-SAL,EMP-01668,2021-04-20,78261.93,active
EMP-01738,Ella,Lee,ella.lee1738@example.com,DEPT-LEG,EMP-00031,2024-11-12,111898.02,active
EMP-01739,Ethan,Jones,ethan.jones1739@example.com,DEPT-LEG,EMP-01491,2016-08-25,90418.08,active
EMP-01740,Aria,Nelson,aria.nelson1740@example.com,DEPT-OPS,EMP-00679,2021-09-08,49670.31,active
EMP-01741,Evelyn,Torres,evelyn.torres1741@example.com,DEPT-LEG,EMP-00482,2017-07-10,106243.72,active
EMP-01742,Daniel,Moore,daniel.moore1742@example.com,DEPT-LEG,EMP-00107,2021-07-15,62206.44,active
EMP-01743,Scarlett,White,scarlett.white1743@example.com,DEPT-SAL,EMP-01612,2024-01-06,54949.74,active
EMP-01744,Theo,Robinson,theo.robinson1744@example.com,DEPT-PPL,EMP-00960,2021-03-05,46540.11,active
EMP-01745,Aiden,Davis,aiden.davis1745@example.com,DEPT-LEG,EMP-00861,2019-12-27,103001.17,inactive
EMP-01746,Henry,Brown,henry.brown1746@example.com,DEPT-FIN,EMP-00980,2017-10-07,94606.63,active
EMP-01747,Aria,Anderson,aria.anderson1747@example.com,DEPT-FIN,EMP-01518,2022-05-01,45883.56,active
EMP-01748,Scarlett,Miller,scarlett.miller1748@example.com,DEPT-PPL,EMP-00960,2019-12-10,112701.32,active
EMP-01749,Matthew,Taylor,matthew.taylor1749@example.com,DEPT-MKT,EMP-01444,2017-11-02,35245.96,active
EMP-01750,Elijah,Martinez,elijah.martinez1750@example.com,DEPT-LEG,EMP-01491,2024-03-03,94600.09,active
EMP-01751,Evelyn,Rodriguez,evelyn.rodriguez1751@example.com,DEPT-MKT,EMP-00334,2023-09-27,37858.27,inactive
EMP-01752,James,Scott,james.scott1752@example.com,DEPT-OPS,EMP-01567,2021-06-28,56603.20,inactive
EMP-01753,Emma,Davis,emma.davis1753@example.com,DEPT-LEG,EMP-00107,2021-01-23,80538.74,active
EMP-01754,Nora,Brown,nora.brown1754@example.com,DEPT-PPL,EMP-01254,2017-01-23,103962.90,inactive
EMP-01755,Matthew,Green,matthew.green1755@example.com,DEPT-LEG,EMP-00107,2016-03-09,48972.49,terminated
EMP-01756,Noah,Lee,noah.lee1756@example.com,DEPT-SUP,EMP-01073,2021-12-25,47504.48,active
EMP-01757,Sam,Jackson,sam.jackson1757@example.com,DEPT-SUP,EMP-00693,2016-01-01,46939.54,active
EMP-01758,Oliver,Rodriguez,oliver.rodriguez1758@example.com,DEPT-OPS,EMP-00018,2019-01-04,112336.59,active
EMP-01759,Oliver,Jackson,oliver.jackson1759@example.com,DEPT-SAL,EMP-01911,2018-11-13,38552.64,active
EMP-01760,Evelyn,Davis,evelyn.davis1760@example.com,DEPT-SUP,EMP-01217,2019-08-20,76373.82,active
EMP-01761,Victoria,Robinson,victoria.robinson1761@example.com,DEPT-ENG,EMP-01973,2017-07-16,32909.00,inactive
EMP-01762,Mason,Hill,mason.hill1762@example.com,DEPT-LEG,EMP-01726,2024-05-25,105604.75,active
EMP-01763,Abigail,Wright,abigail.wright1763@example.com,DEPT-SAL,EMP-01612,2024-11-06,69276.73,terminated
EMP-01764,Theo,Flores,theo.flores1764@example.com,DEPT-SUP,EMP-01073,2025-08-25,43751.93,terminated
EMP-01765,Abigail,Jones,abigail.jones1765@example.com,DEPT-ENG,EMP-01170,2022-02-09,72909.61,active
EMP-01766,Theo,Davis,theo.davis1766@example.com,DEPT-LEG,EMP-00031,2024-07-11,38378.15,terminated
EMP-01767,Lily,Walker,lily.walker1767@example.com,DEPT-SUP,EMP-00870,2019-06-12,82591.28,active
EMP-01768,Daniel,Smith,daniel.smith1768@example.com,DEPT-PPL,EMP-00787,2021-08-05,42089.54,active
EMP-01769,Ethan,Jackson,ethan.jackson1769@example.com,DEPT-ENG,EMP-00326,2023-04-04,80570.59,active
EMP-01770,Henry,Wilson,henry.wilson1770@example.com,DEPT-ENG,,2016-08-07,89448.69,active
EMP-01771,Victoria,Wilson,victoria.wilson1771@example.com,DEPT-LEG,,2024-03-16,48414.23,terminated
EMP-01772,Lucas,Brown,lucas.brown1772@example.com,DEPT-MKT,EMP-01594,2025-08-21,42494.05,inactive
EMP-01773,Nora,White,nora.white1773@example.com,DEPT-SAL,EMP-01433,2016-12-15,52552.97,active
EMP-01774,Theo,Taylor,theo.taylor1774@example.com,DEPT-SUP,EMP-00870,2016-12-23,42905.91,active
EMP-01775,Leo,Jones,leo.jones1775@example.com,DEPT-SUP,EMP-00870,2022-08-20,113356.95,active
EMP-01776,Leo,Martinez,leo.martinez1776@example.com,DEPT-ENG,EMP-00479,2023-04-12,93589.36,inactive
EMP-01777,Ethan,King,ethan.king1777@example.com,DEPT-SAL,EMP-01257,2022-10-28,105401.68,active
EMP-01778,Theo,King,theo.king1778@example.com,DEPT-SUP,EMP-00693,2019-04-20,45884.97,terminated
EMP-01779,Aria,Jones,aria.jones1779@example.com,DEPT-PPL,EMP-00572,2019-10-22,116262.52,active
EMP-01780,Nora,King,nora.king1780@example.com,DEPT-LEG,EMP-00861,2019-01-20,99335.55,inactive
EMP-01781,Ethan,Torres,ethan.torres1781@example.com,DEPT-SAL,EMP-00295,2023-04-23,35315.72,inactive
EMP-01782,Sam,Allen,sam.allen1782@example.com,DEPT-OPS,,2020-04-26,52517.47,active
EMP-01783,Emma,Brown,emma.brown1783@example.com,DEPT-MKT,EMP-01444,2018-11-08,84236.11,inactive
EMP-01784,Henry,Wilson,henry.wilson1784@example.com,DEPT-OPS,EMP-01689,2016-02-07,36688.05,active
EMP-01785,James,Flores,james.flores1785@example.com,DEPT-ENG,EMP-01504,2021-03-20,54010.67,inactive
EMP-01786,Benjamin,Anderson,benjamin.anderson1786@example.com,DEPT-LEG,EMP-01726,2024-11-19,79534.88,active
EMP-01787,Sophia,Nelson,sophia.nelson1787@example.com,DEPT-LEG,EMP-00861,2024-03-05,85156.90,active
EMP-01788,Lily,Thomas,lily.thomas1788@example.com,DEPT-SAL,EMP-01704,2023-05-20,48600.69,active
EMP-01789,Emily,Moore,emily.moore1789@example.com,DEPT-MKT,EMP-00334,2020-12-10,42936.48,active
EMP-01790,Abigail,Lewis,abigail.lewis1790@example.com,DEPT-FIN,EMP-01576,2018-09-22,82330.83,active
EMP-01791,Ella,Jones,ella.jones1791@example.com,DEPT-LEG,EMP-00063,2023-11-21,97468.74,active
EMP-01792,Henry,Thomas,henry.thomas1792@example.com,DEPT-ENG,EMP-01170,2018-04-26,31583.53,active
EMP-01793,Isaac,Allen,isaac.allen1793@example.com,DEPT-ENG,EMP-00326,2020-04-10,38263.46,inactive
EMP-01794,Noah,Martinez,noah.martinez1794@example.com,DEPT-FIN,EMP-00603,2023-10-17,112029.44,active
EMP-01795,Evelyn,Garcia,evelyn.garcia1795@example.com,DEPT-OPS,EMP-00486,2022-08-19,56213.86,active
EMP-01796,Oliver,Perez,oliver.perez1796@example.com,DEPT-FIN,EMP-01518,2022-01-12,53413.58,active
EMP-01797,Noah,Ramirez,noah.ramirez1797@example.com,DEPT-PPL,EMP-00996,2017-01-09,51874.32,active
EMP-01798,Elijah,Miller,elijah.miller1798@example.com,DEPT-OPS,EMP-00990,2017-11-17,81714.09,active
EMP-01799,Matthew,Smith,matthew.smith1799@example.com,DEPT-FIN,EMP-01340,2017-09-06,46079.25,active
EMP-01800,Daniel,Lewis,daniel.lewis1800@example.com,DEPT-PPL,EMP-01801,2022-07-20,107005.19,active
EMP-01801,Hazel,Rodriguez,hazel.rodriguez1801@example.com,DEPT-PPL,,2023-10-25,67927.11,active
EMP-01802,Aria,Ramirez,aria.ramirez1802@example.com,DEPT-MKT,EMP-01359,2016-10-24,45604.79,terminated
EMP-01803,Noah,Jones,noah.jones1803@example.com,DEPT-SUP,EMP-00432,2017-03-16,33516.34,inactive
EMP-01804,James,Garcia,james.garcia1804@example.com,DEPT-SAL,EMP-01257,2021-09-24,100670.43,active
EMP-01805,Aria,Martinez,aria.martinez1805@example.com,DEPT-SAL,EMP-00295,2020-08-25,56391.29,active
EMP-01806,Ethan,White,ethan.white1806@example.com,DEPT-OPS,,2021-09-20,44526.53,inactive
EMP-01807,Nathan,White,nathan.white1807@example.com,DEPT-LEG,EMP-00107,2021-08-10,114290.51,active
EMP-01808,Aria,Rodriguez,aria.rodriguez1808@example.com,DEPT-SUP,EMP-00693,2019-11-24,74893.29,active
EMP-01809,Jack,Wright,jack.wright1809@example.com,DEPT-SUP,EMP-01477,2022-11-20,111511.33,active
EMP-01810,Mason,Thomas,mason.thomas1810@example.com,DEPT-SUP,EMP-00662,2017-04-03,41826.05,active
EMP-01811,Evelyn,Flores,evelyn.flores1811@example.com,DEPT-SUP,EMP-00870,2022-12-05,34027.81,terminated
EMP-01812,Abigail,Jones,abigail.jones1812@example.com,DEPT-MKT,EMP-01359,2016-05-11,46554.56,terminated
EMP-01813,Amelia,Brown,amelia.brown1813@example.com,DEPT-LEG,EMP-01771,2020-11-18,53185.77,active
EMP-01814,Chloe,Ramirez,chloe.ramirez1814@example.com,DEPT-SUP,EMP-00662,2024-02-12,115544.15,active
EMP-01815,Ava,Allen,ava.allen1815@example.com,DEPT-PPL,EMP-00996,2020-02-21,66612.00,inactive
EMP-01816,Mia,Nelson,mia.nelson1816@example.com,DEPT-SUP,EMP-00662,2025-04-03,44255.61,active
EMP-01817,Elijah,Scott,elijah.scott1817@example.com,DEPT-LEG,EMP-00861,2024-01-14,83961.44,terminated
EMP-01818,Aria,Miller,aria.miller1818@example.com,DEPT-OPS,EMP-00676,2022-07-01,88023.92,terminated
EMP-01819,Ava,Clark,ava.clark1819@example.com,DEPT-PPL,EMP-00996,2016-07-27,114499.12,active
EMP-01820,Leo,Johnson,leo.johnson1820@example.com,DEPT-LEG,EMP-00861,2024-06-02,100918.86,inactive
EMP-01821,Abigail,Lee,abigail.lee1821@example.com,DEPT-MKT,EMP-01359,2016-04-25,50549.59,inactive
EMP-01822,Harper,Nelson,harper.nelson1822@example.com,DEPT-FIN,EMP-01518,2020-12-23,43313.64,inactive
EMP-01823,Oliver,Harris,oliver.harris1823@example.com,DEPT-SAL,EMP-01612,2017-10-28,90258.32,active
EMP-01824,Harper,Johnson,harper.johnson1824@example.com,DEPT-SUP,EMP-01073,2018-05-10,110715.39,active
EMP-01825,Henry,Allen,henry.allen1825@example.com,DEPT-SUP,EMP-01073,2019-12-18,92939.14,active
EMP-01826,Aria,Scott,aria.scott1826@example.com,DEPT-OPS,EMP-00486,2023-11-06,30482.24,active
EMP-01827,Lucas,Anderson,lucas.anderson1827@example.com,DEPT-PPL,EMP-01255,2021-12-08,87592.30,inactive
EMP-01828,Owen,Johnson,owen.johnson1828@example.com,DEPT-MKT,EMP-00334,2018-06-12,90422.16,active
EMP-01829,Abigail,Martinez,abigail.martinez1829@example.com,DEPT-MKT,EMP-00255,2025-07-03,46677.15,active
EMP-01830,Daniel,Thompson,daniel.thompson1830@example.com,DEPT-MKT,EMP-00255,2025-11-12,75388.79,terminated
EMP-01831,Scarlett,Smith,scarlett.smith1831@example.com,DEPT-PPL,EMP-00277,2017-03-19,115586.08,active
EMP-01832,Leo,Scott,leo.scott1832@example.com,DEPT-PPL,EMP-00787,2022-06-09,119598.14,active
EMP-01833,Aria,Garcia,aria.garcia1833@example.com,DEPT-FIN,EMP-00700,2023-08-09,119360.36,active
EMP-01834,Benjamin,Nelson,benjamin.nelson1834@example.com,DEPT-LEG,EMP-00812,2025-11-15,69868.73,active
EMP-01835,Ethan,Williams,ethan.williams1835@example.com,DEPT-OPS,EMP-01221,2018-03-15,86019.74,active
EMP-01836,Ethan,Thomas,ethan.thomas1836@example.com,DEPT-MKT,EMP-00255,2025-11-05,51264.27,active
EMP-01837,Sophia,Jones,sophia.jones1837@example.com,DEPT-FIN,EMP-01340,2016-08-18,74950.35,active
EMP-01838,Elijah,Martin,elijah.martin1838@example.com,DEPT-LEG,EMP-01592,2016-04-17,60417.25,terminated
EMP-01839,Liam,Wright,liam.wright1839@example.com,DEPT-PPL,EMP-00960,2020-12-07,32700.76,active
EMP-01840,Benjamin,Davis,benjamin.davis1840@example.com,DEPT-ENG,EMP-01973,2023-06-08,62511.39,active
EMP-01841,Victoria,Robinson,victoria.robinson1841@example.com,DEPT-SAL,EMP-01911,2022-04-10,52002.27,active
EMP-01842,Nathan,Martinez,nathan.martinez1842@example.com,DEPT-SAL,EMP-01704,2022-07-22,84256.95,active
EMP-01843,Ella,Clark,ella.clark1843@example.com,DEPT-SUP,EMP-01073,2021-11-22,117376.75,active
EMP-01844,Amelia,Adams,amelia.adams1844@example.com,DEPT-LEG,EMP-00063,2025-07-09,100802.66,terminated
EMP-01845,Benjamin,Jackson,benjamin.jackson1845@example.com,DEPT-SUP,EMP-01073,2018-07-02,54154.51,active
EMP-01846,Matthew,Harris,matthew.harris1846@example.com,DEPT-PPL,EMP-00277,2020-09-20,76237.98,inactive
EMP-01847,Benjamin,Miller,benjamin.miller1847@example.com,DEPT-PPL,EMP-01801,2023-07-17,49051.42,active
EMP-01848,Chloe,Johnson,chloe.johnson1848@example.com,DEPT-FIN,EMP-00582,2019-06-12,47077.50,inactive
EMP-01849,Chloe,Allen,chloe.allen1849@example.com,DEPT-PPL,EMP-00960,2019-09-11,53453.28,active
EMP-01850,Grace,Martin,grace.martin1850@example.com,DEPT-MKT,EMP-00334,2025-11-02,114269.60,active
EMP-01851,Layla,Hill,layla.hill1851@example.com,DEPT-SAL,EMP-01668,2020-12-10,102219.82,active
EMP-01852,Owen,Walker,owen.walker1852@example.com,DEPT-OPS,EMP-01472,2017-06-22,41367.61,active
EMP-01853,Grace,Flores,grace.flores1853@example.com,DEPT-LEG,EMP-00031,2024-01-20,89847.83,active
EMP-01854,Emma,Miller,emma.miller1854@example.com,DEPT-OPS,EMP-00679,2020-04-13,60662.24,inactive
EMP-01855,Emily,Sanchez,emily.sanchez1855@example.com,DEPT-PPL,EMP-00787,2021-06-01,58771.81,inactive
EMP-01856,Mason,Robinson,mason.robinson1856@example.com,DEPT-PPL,EMP-01255,2025-04-19,97340.49,active
EMP-01857,Lily,Walker,lily.walker1857@example.com,DEPT-FIN,EMP-00582,2016-05-10,77917.71,active
EMP-01858,Evelyn,Wright,evelyn.wright1858@example.com,DEPT-OPS,EMP-00486,2024-07-17,41041.39,active
EMP-01859,Zoe,Ramirez,zoe.ramirez1859@example.com,DEPT-SAL,EMP-01668,2023-08-28,59188.07,active
EMP-01860,Ethan,Martinez,ethan.martinez1860@example.com,DEPT-MKT,EMP-00255,2019-07-07,81476.88,terminated
EMP-01861,Daniel,Johnson,daniel.johnson1861@example.com,DEPT-PPL,EMP-00960,2019-09-01,70161.34,active
EMP-01862,Grace,Clark,grace.clark1862@example.com,DEPT-FIN,EMP-00645,2016-04-12,63368.42,inactive
EMP-01863,Theo,Lee,theo.lee1863@example.com,DEPT-FIN,EMP-00683,2017-05-04,79231.84,terminated
EMP-01864,James,Smith,james.smith1864@example.com,DEPT-OPS,EMP-01782,2019-01-14,39951.87,active
EMP-01865,Lucas,Thomas,lucas.thomas1865@example.com,DEPT-SUP,EMP-01073,2025-12-14,52490.63,active
EMP-01866,Aria,Harris,aria.harris1866@example.com,DEPT-OPS,EMP-01067,2020-07-09,87696.80,active
EMP-01867,Layla,Hill,layla.hill1867@example.com,DEPT-SUP,EMP-00693,2018-04-02,85261.89,active
EMP-01868,Evelyn,Martin,evelyn.martin1868@example.com,DEPT-SAL,EMP-00295,2017-02-12,50643.92,active
EMP-01869,Elijah,Lewis,elijah.lewis1869@example.com,DEPT-LEG,EMP-00063,2016-11-23,97258.28,active
EMP-01870,Daniel,Ramirez,daniel.ramirez1870@example.com,DEPT-MKT,EMP-00334,2025-09-26,112797.81,terminated
EMP-01871,Mia,Perez,mia.perez1871@example.com,DEPT-FIN,EMP-00132,2020-05-02,103106.17,active
EMP-01872,Harper,Miller,harper.miller1872@example.com,DEPT-OPS,EMP-00018,2017-11-08,68637.68,active
EMP-01873,Ava,Lewis,ava.lewis1873@example.com,DEPT-SAL,EMP-01662,2024-07-26,39037.56,inactive
EMP-01874,Evelyn,Williams,evelyn.williams1874@example.com,DEPT-OPS,EMP-00676,2021-02-10,61584.33,terminated
EMP-01875,Daniel,Hill,daniel.hill1875@example.com,DEPT-SUP,EMP-00870,2017-11-23,89379.74,inactive
EMP-01876,Layla,Thompson,layla.thompson1876@example.com,DEPT-SUP,EMP-00432,2022-03-07,106523.79,active
EMP-01877,Sam,Green,sam.green1877@example.com,DEPT-FIN,EMP-00700,2021-05-24,45587.74,active
EMP-01878,Emily,Lee,emily.lee1878@example.com,DEPT-FIN,EMP-01340,2019-09-18,57211.89,active
EMP-01879,Theo,Scott,theo.scott1879@example.com,DEPT-OPS,EMP-01689,2023-02-05,46063.00,active
EMP-01880,Oliver,Johnson,oliver.johnson1880@example.com,DEPT-OPS,EMP-01567,2021-02-15,73740.53,inactive
EMP-01881,Nora,Clark,nora.clark1881@example.com,DEPT-MKT,EMP-01594,2021-02-04,45612.94,inactive
EMP-01882,James,Wilson,james.wilson1882@example.com,DEPT-SUP,EMP-00662,2023-12-23,47800.17,active
EMP-01883,Lily,Robinson,lily.robinson1883@example.com,DEPT-SUP,EMP-01217,2025-02-18,40682.12,active
EMP-01884,Grace,Perez,grace.perez1884@example.com,DEPT-SUP,EMP-00870,2016-09-27,37986.19,active
EMP-01885,Amelia,Scott,amelia.scott1885@example.com,DEPT-MKT,EMP-01359,2016-06-14,54582.47,active
EMP-01886,Chloe,Ramirez,chloe.ramirez1886@example.com,DEPT-OPS,,2017-11-08,60447.53,terminated
EMP-01887,Hazel,Clark,hazel.clark1887@example.com,DEPT-SAL,EMP-01662,2017-09-06,60504.51,terminated
EMP-01888,Aria,Wilson,aria.wilson1888@example.com,DEPT-LEG,EMP-00063,2025-05-12,77884.42,inactive
EMP-01889,Abigail,Anderson,abigail.anderson1889@example.com,DEPT-PPL,EMP-01801,2019-05-02,46644.96,active
EMP-01890,Mason,Adams,mason.adams1890@example.com,DEPT-ENG,EMP-01770,2021-03-28,60657.53,inactive
EMP-01891,James,Moore,james.moore1891@example.com,DEPT-LEG,EMP-01771,2021-07-10,57754.21,active
EMP-01892,Evelyn,Garcia,evelyn.garcia1892@example.com,DEPT-SUP,EMP-00693,2022-10-19,104862.88,inactive
EMP-01893,Aria,Jackson,aria.jackson1893@example.com,DEPT-FIN,EMP-00980,2021-07-10,70526.39,active
EMP-01894,Owen,Johnson,owen.johnson1894@example.com,DEPT-FIN,EMP-00603,2018-01-23,63137.73,active
EMP-01895,Sam,Harris,sam.harris1895@example.com,DEPT-PPL,EMP-00787,2019-01-26,91038.02,inactive
EMP-01896,Matthew,Robinson,matthew.robinson1896@example.com,DEPT-ENG,EMP-01170,2025-03-21,40471.32,active
EMP-01897,Daniel,Martin,daniel.martin1897@example.com,DEPT-PPL,EMP-01255,2017-07-28,49548.67,terminated
EMP-01898,Ava,Torres,ava.torres1898@example.com,DEPT-OPS,EMP-01221,2021-02-06,73920.52,active
EMP-01899,Layla,Garcia,layla.garcia1899@example.com,DEPT-SAL,EMP-00295,2017-07-06,109859.06,terminated
EMP-01900,Ethan,Allen,ethan.allen1900@example.com,DEPT-FIN,EMP-01576,2022-12-05,75801.76,inactive
EMP-01901,Nora,Rodriguez,nora.rodriguez1901@example.com,DEPT-FIN,EMP-01340,2016-12-01,100201.63,active
EMP-01902,Aiden,Scott,aiden.scott1902@example.com,DEPT-LEG,EMP-00861,2017-08-21,38288.60,terminated
EMP-01903,Amelia,Nelson,amelia.nelson1903@example.com,DEPT-SUP,EMP-01073,2022-01-12,76447.97,active
EMP-01904,Grace,Hill,grace.hill1904@example.com,DEPT-OPS,EMP-01806,2018-01-21,66134.04,active
EMP-01905,Evelyn,Taylor,evelyn.taylor1905@example.com,DEPT-MKT,EMP-01594,2016-06-24,79925.34,active
EMP-01906,Elijah,Young,elijah.young1906@example.com,DEPT-LEG,EMP-00482,2020-12-15,32946.62,active
EMP-01907,Ethan,Thomas,ethan.thomas1907@example.com,DEPT-SAL,EMP-01668,2016-09-06,44483.10,terminated
EMP-01908,Oliver,Taylor,oliver.taylor1908@example.com,DEPT-LEG,EMP-01646,2016-06-27,103984.08,active
EMP-01909,Elijah,Ramirez,elijah.ramirez1909@example.com,DEPT-LEG,EMP-01592,2016-05-24,67782.71,active
EMP-01910,Layla,Thompson,layla.thompson1910@example.com,DEPT-ENG,EMP-01170,2022-07-15,67836.03,active
EMP-01911,Jack,Nelson,jack.nelson1911@example.com,DEPT-SAL,,2016-09-16,72256.19,active
EMP-01912,Liam,Hill,liam.hill1912@example.com,DEPT-FIN,EMP-01518,2017-06-28,81940.02,active
EMP-01913,Abigail,Taylor,abigail.taylor1913@example.com,DEPT-FIN,EMP-01340,2018-07-17,41122.16,active
EMP-01914,Sophia,Green,sophia.green1914@example.com,DEPT-OPS,EMP-00486,2018-04-25,106577.74,inactive
EMP-01915,Henry,Jackson,henry.jackson1915@example.com,DEPT-PPL,EMP-01801,2022-02-12,56762.90,active
EMP-01916,Ava,Anderson,ava.anderson1916@example.com,DEPT-ENG,EMP-00479,2021-07-18,111615.38,active
EMP-01917,Matthew,Robinson,matthew.robinson1917@example.com,DEPT-FIN,EMP-01648,2018-12-18,75063.80,active
EMP-01918,Chloe,Clark,chloe.clark1918@example.com,DEPT-ENG,EMP-01170,2025-08-11,44879.52,active
EMP-01919,Daniel,Martin,daniel.martin1919@example.com,DEPT-MKT,EMP-01594,2022-06-12,110891.65,inactive
EMP-01920,Jack,Harris,jack.harris1920@example.com,DEPT-ENG,EMP-00326,2017-08-03,88248.20,inactive
EMP-01921,Harper,Robinson,harper.robinson1921@example.com,DEPT-MKT,EMP-01359,2016-01-22,105079.44,active
EMP-01922,Abigail,Davis,abigail.davis1922@example.com,DEPT-FIN,EMP-01576,2018-04-20,99003.30,active
EMP-01923,Scarlett,Nguyen,scarlett.nguyen1923@example.com,DEPT-FIN,EMP-00132,2021-03-23,74069.61,inactive
EMP-01924,Layla,Flores,layla.flores1924@example.com,DEPT-SAL,EMP-01662,2021-03-15,78638.13,active
EMP-01925,Harper,Torres,harper.torres1925@example.com,DEPT-SUP,EMP-00693,2025-07-16,32337.81,inactive
EMP-01926,Scarlett,Thomas,scarlett.thomas1926@example.com,DEPT-ENG,EMP-00479,2018-07-05,109320.27,active
EMP-01927,Aria,Anderson,aria.anderson1927@example.com,DEPT-MKT,EMP-00334,2025-03-13,94534.31,inactive
EMP-01928,Zoe,Jackson,zoe.jackson1928@example.com,DEPT-LEG,EMP-01646,2024-12-10,111169.82,active
EMP-01929,Emma,King,emma.king1929@example.com,DEPT-MKT,EMP-00334,2017-01-15,111605.88,terminated
EMP-01930,Nathan,Wright,nathan.wright1930@example.com,DEPT-OPS,EMP-01782,2019-04-26,108315.27,terminated
EMP-01931,Lily,White,lily.white1931@example.com,DEPT-MKT,EMP-00255,2021-02-19,89035.48,active
EMP-01932,Sam,Clark,sam.clark1932@example.com,DEPT-SAL,EMP-01612,2025-06-26,36769.08,active
EMP-01933,Nathan,Torres,nathan.torres1933@example.com,DEPT-OPS,EMP-00076,2025-08-26,68651.63,inactive
EMP-01934,Liam,Thomas,liam.thomas1934@example.com,DEPT-FIN,EMP-00603,2021-12-06,51259.97,inactive
EMP-01935,Nora,Martinez,nora.martinez1935@example.com,DEPT-PPL,EMP-00960,2016-07-24,44203.42,inactive
EMP-01936,Noah,Brown,noah.brown1936@example.com,DEPT-MKT,EMP-01444,2018-09-03,34857.30,terminated
EMP-01937,Chloe,Davis,chloe.davis1937@example.com,DEPT-PPL,EMP-00996,2024-07-05,64138.16,active
EMP-01938,Noah,Walker,noah.walker1938@example.com,DEPT-FIN,EMP-00700,2023-02-09,37923.24,active
EMP-01939,Benjamin,Perez,benjamin.perez1939@example.com,DEPT-SAL,EMP-01668,2025-12-05,33234.96,inactive
EMP-01940,Ethan,Scott,ethan.scott1940@example.com,DEPT-SUP,EMP-01073,2021-02-07,89058.86,active
EMP-01941,Sophia,Moore,sophia.moore1941@example.com,DEPT-OPS,EMP-00076,2018-06-04,79532.89,inactive
EMP-01942,Matthew,Rodriguez,matthew.rodriguez1942@example.com,DEPT-SAL,EMP-01704,2025-05-16,58596.82,active
EMP-01943,Liam,Clark,liam.clark1943@example.com,DEPT-SUP,EMP-00432,2024-02-24,88040.25,active
EMP-01944,Chloe,Lee,chloe.lee1944@example.com,DEPT-LEG,EMP-00861,2022-07-11,79034.19,active
EMP-01945,Victoria,Johnson,victoria.johnson1945@example.com,DEPT-FIN,EMP-00683,2017-06-09,44945.87,inactive
EMP-01946,Abigail,Smith,abigail.smith1946@example.com,DEPT-LEG,EMP-01726,2022-12-25,43399.83,terminated
EMP-01947,Sam,Rodriguez,sam.rodriguez1947@example.com,DEPT-SAL,EMP-01911,2023-10-19,84665.59,active
EMP-01948,Lily,Adams,lily.adams1948@example.com,DEPT-FIN,EMP-00683,2022-07-01,54723.32,inactive
EMP-01949,Daniel,Lee,daniel.lee1949@example.com,DEPT-MKT,EMP-01594,2021-08-06,114542.98,active
EMP-01950,Sam,Brown,sam.brown1950@example.com,DEPT-OPS,EMP-00990,2021-11-28,55305.56,active
EMP-01951,Hazel,Smith,hazel.smith1951@example.com,DEPT-OPS,EMP-01806,2016-05-27,77182.14,active
EMP-01952,Henry,White,henry.white1952@example.com,DEPT-LEG,EMP-00031,2022-06-14,105091.63,terminated
EMP-01953,Henry,Lee,henry.lee1953@example.com,DEPT-PPL,EMP-01801,2021-08-28,115227.55,active
EMP-01954,Theo,Miller,theo.miller1954@example.com,DEPT-PPL,EMP-01801,2019-01-22,42389.66,inactive
EMP-01955,Mia,Rodriguez,mia.rodriguez1955@example.com,DEPT-MKT,EMP-00255,2018-07-09,113449.94,active
EMP-01956,Ava,Taylor,ava.taylor1956@example.com,DEPT-ENG,EMP-01973,2017-12-26,115247.08,active
EMP-01957,Ava,Perez,ava.perez1957@example.com,DEPT-PPL,EMP-01801,2022-06-10,112653.36,active
EMP-01958,Lucas,Nguyen,lucas.nguyen1958@example.com,DEPT-FIN,EMP-00132,2025-05-01,112555.45,active
EMP-01959,Evelyn,Ramirez,evelyn.ramirez1959@example.com,DEPT-SUP,EMP-01217,2018-10-16,43518.07,terminated
EMP-01960,Daniel,Green,daniel.green1960@example.com,DEPT-FIN,EMP-01648,2021-05-23,79473.26,active
EMP-01961,Oliver,Wright,oliver.wright1961@example.com,DEPT-MKT,EMP-01444,2025-01-09,56532.72,active
EMP-01962,Amelia,Brown,amelia.brown1962@example.com,DEPT-ENG,EMP-00479,2019-06-06,105482.27,active
EMP-01963,Zoe,Sanchez,zoe.sanchez1963@example.com,DEPT-PPL,EMP-00572,2017-09-04,46436.54,active
EMP-01964,Daniel,Wright,daniel.wright1964@example.com,DEPT-ENG,EMP-01170,2017-04-09,36316.20,active
EMP-01965,Oliver,Moore,oliver.moore1965@example.com,DEPT-OPS,EMP-00076,2020-02-11,103874.12,active
EMP-01966,Liam,Smith,liam.smith1966@example.com,DEPT-LEG,EMP-00812,2025-08-24,79640.00,terminated
EMP-01967,Ava,Adams,ava.adams1967@example.com,DEPT-OPS,EMP-01782,2018-09-27,117096.91,terminated
EMP-01968,Emily,Nelson,emily.nelson1968@example.com,DEPT-ENG,EMP-01770,2022-10-14,45949.28,active
EMP-01969,Isaac,Nelson,isaac.nelson1969@example.com,DEPT-LEG,EMP-01592,2020-07-02,67888.61,inactive
EMP-01970,Harper,Martinez,harper.martinez1970@example.com,DEPT-PPL,EMP-00592,2020-07-25,106575.10,active
EMP-01971,Benjamin,Thompson,benjamin.thompson1971@example.com,DEPT-PPL,EMP-01254,2022-07-10,87176.12,active
EMP-01972,Hazel,Jones,hazel.jones1972@example.com,DEPT-ENG,EMP-00326,2017-06-26,39939.80,active
EMP-01973,Zoe,White,zoe.white1973@example.com,DEPT-ENG,,2024-10-03,41927.64,active
EMP-01974,Nathan,Thomas,nathan.thomas1974@example.com,DEPT-OPS,EMP-00990,2016-02-18,58774.37,active
EMP-01975,Mia,Green,mia.green1975@example.com,DEPT-OPS,EMP-00676,2017-11-03,73297.32,active
EMP-01976,Ella,Martinez,ella.martinez1976@example.com,DEPT-ENG,EMP-01973,2025-07-12,110756.17,active
EMP-01977,Nathan,Flores,nathan.flores1977@example.com,DEPT-ENG,EMP-01770,2017-07-24,87546.97,active
EMP-01978,Matthew,Williams,matthew.williams1978@example.com,DEPT-OPS,EMP-00679,2020-10-21,54454.84,active
EMP-01979,Sophia,Smith,sophia.smith1979@example.com,DEPT-LEG,EMP-00482,2017-10-20,96839.41,active
EMP-01980,Hazel,Rodriguez,hazel.rodriguez1980@example.com,DEPT-OPS,EMP-00339,2020-05-16,56760.89,inactive
EMP-01981,Zoe,Ramirez,zoe.ramirez1981@example.com,DEPT-OPS,EMP-01221,2018-08-03,109134.56,active
EMP-01982,Leo,Scott,leo.scott1982@example.com,DEPT-SUP,EMP-00432,2021-09-19,104340.35,active
EMP-01983,Owen,Thomas,owen.thomas1983@example.com,DEPT-SAL,EMP-01662,2025-06-03,41583.47,inactive
EMP-01984,Scarlett,White,scarlett.white1984@example.com,DEPT-LEG,EMP-01771,2021-04-03,58766.59,active
EMP-01985,Theo,Hill,theo.hill1985@example.com,DEPT-OPS,EMP-01472,2018-09-01,86500.90,active
EMP-01986,Layla,Williams,layla.williams1986@example.com,DEPT-ENG,EMP-01973,2017-11-13,119374.91,active
EMP-01987,Grace,Miller,grace.miller1987@example.com,DEPT-PPL,EMP-00787,2020-01-19,43083.83,active
EMP-01988,Layla,Sanchez,layla.sanchez1988@example.com,DEPT-PPL,EMP-00592,2025-08-26,86592.55,terminated
EMP-01989,Matthew,Thomas,matthew.thomas1989@example.com,DEPT-SUP,EMP-00693,2021-06-26,50912.66,active
EMP-01990,Abigail,Thompson,abigail.thompson1990@example.com,DEPT-PPL,EMP-00996,2018-06-13,86071.92,terminated
EMP-01991,Ethan,Wright,ethan.wright1991@example.com,DEPT-PPL,EMP-01254,2025-08-02,48688.41,active
EMP-01992,Lucas,Flores,lucas.flores1992@example.com,DEPT-SUP,EMP-00907,2022-03-07,105178.42,active
EMP-01993,Daniel,Smith,daniel.smith1993@example.com,DEPT-MKT,EMP-00255,2020-11-20,32612.14,active
EMP-01994,Henry,Adams,henry.adams1994@example.com,DEPT-ENG,EMP-00326,2023-09-09,54339.23,active
EMP-01995,Evelyn,Thompson,evelyn.thompson1995@example.com,DEPT-LEG,EMP-00812,2018-09-06,54172.04,active
EMP-01996,James,Nelson,james.nelson1996@example.com,DEPT-PPL,EMP-00592,2024-06-14,41768.63,active
EMP-01997,Leo,Wright,leo.wright1997@example.com,DEPT-ENG,EMP-01770,2021-08-08,98691.55,terminated
EMP-01998,Scarlett,Thompson,scarlett.thompson1998@example.com,DEPT-PPL,EMP-00960,2019-03-27,56082.64,active
EMP-01999,Amelia,Davis,amelia.davis1999@example.com,DEPT-MKT,EMP-00334,2020-12-27,100645.05,active
EMP-02000,Scarlett,Brown,scarlett.brown2000@example.com,DEPT-MKT,EMP-01594,2019-11-01,54481.11,terminated
